"COMID","ClusterID","StreamCatVar","WatershedValue","Year"
23026774,3,"nabd_dens",0,NA
23026774,3,"nabd_nrmstor",0,NA
23026774,3,"nabd_nidstor",0,NA
23026774,3,"n_ff_",0,1988
23026774,3,"n_ff_",0,1989
23026774,3,"n_ff_",0,1990
23026774,3,"n_ff_",0,1991
23026774,3,"n_ff_",0,1992
23026774,3,"n_ff_",0,1993
23026774,3,"n_ff_",0,1994
23026774,3,"n_ff_",0,1995
23026774,3,"n_ff_",0,1996
23026774,3,"n_ff_",0,1997
23026774,3,"n_ff_",0,1998
23026774,3,"n_ff_",0,1999
23026774,3,"n_ff_",0,2000
23026774,3,"n_ff_",0,2001
23026774,3,"n_ff_",0,2002
23026774,3,"n_ff_",0,2003
23026774,3,"n_ff_",0,2004
23026774,3,"n_ff_",0,2005
23026774,3,"n_ff_",0,2006
23026774,3,"n_ff_",0,2007
23026774,3,"n_ff_",0,2008
23026774,3,"n_ff_",0,2009
23026774,3,"n_ff_",0,2010
23026774,3,"n_ff_",0,2011
23026774,3,"n_ff_",0,2012
23026774,3,"n_ff_",0,2013
23026774,3,"n_ff_",0,2014
23026774,3,"n_ff_",0,2015
23026774,3,"n_ff_",0,2016
23026774,3,"n_ff_",0,2017
23026774,3,"p_ff_",0,1987
23026774,3,"p_ff_",0,1988
23026774,3,"p_ff_",0,1989
23026774,3,"p_ff_",0,1990
23026774,3,"p_ff_",0,1991
23026774,3,"p_ff_",0,1992
23026774,3,"p_ff_",0,1993
23026774,3,"p_ff_",0,1994
23026774,3,"p_ff_",0,1995
23026774,3,"p_ff_",0,1996
23026774,3,"p_ff_",0,1997
23026774,3,"p_ff_",0,1998
23026774,3,"p_ff_",0,1999
23026774,3,"p_ff_",0,2000
23026774,3,"p_ff_",0,2001
23026774,3,"p_ff_",0,2002
23026774,3,"p_ff_",0,2003
23026774,3,"p_ff_",0,2004
23026774,3,"p_ff_",0,2005
23026774,3,"p_ff_",0,2006
23026774,3,"p_ff_",0,2007
23026774,3,"p_ff_",0,2008
23026774,3,"p_ff_",0,2009
23026774,3,"p_ff_",0,2010
23026774,3,"p_ff_",0,2011
23026774,3,"p_ff_",0,2012
23026774,3,"p_ff_",0,2013
23026774,3,"p_ff_",0,2014
23026774,3,"p_ff_",0,2015
23026774,3,"p_ff_",0,2016
23026774,3,"p_ff_",0,2017
23026774,3,"n_ff_",0,1987
23026774,3,"n_uf_",1.81866231954481,1987
23026774,3,"n_uf_",1.686859331194,1988
23026774,3,"n_uf_",1.12257616224784,1989
23026774,3,"n_uf_",1.19936429345472,1990
23026774,3,"n_uf_",1.08015370095726,1991
23026774,3,"n_uf_",2.1408195649014,1992
23026774,3,"n_uf_",2.35291358258571,1993
23026774,3,"n_uf_",2.21221828709059,1994
23026774,3,"n_uf_",2.75754169613693,1995
23026774,3,"n_uf_",3.85806911189614,1996
23026774,3,"n_uf_",0.562242048823204,1997
23026774,3,"n_uf_",0.718852088468854,1998
23026774,3,"n_uf_",1.2174906110195,1999
23026774,3,"n_uf_",2.04803639048322,2000
23026774,3,"n_uf_",1.91043486848786,2001
23026774,3,"n_uf_",1.56333305320933,2002
23026774,3,"n_uf_",2.55901471793476,2003
23026774,3,"n_uf_",2.65453295772204,2004
23026774,3,"n_uf_",2.64025676393712,2005
23026774,3,"n_uf_",3.65218501170649,2006
23026774,3,"n_uf_",3.13408141578023,2007
23026774,3,"n_uf_",1.37470902315288,2008
23026774,3,"n_uf_",1.93784054077162,2009
23026774,3,"n_uf_",0.645505662082004,2010
23026774,3,"n_uf_",1.04757103152464,2011
23026774,3,"n_uf_",1.60165875812069,2012
23026774,3,"n_uf_",1.56297409184651,2013
23026774,3,"n_uf_",1.52470002029914,2014
23026774,3,"n_uf_",1.48601810403108,2015
23026774,3,"n_uf_",1.44765854656705,2016
23026774,3,"n_uf_",1.40914674243458,2017
23026774,3,"p_uf_",0.209815508566234,1987
23026774,3,"p_uf_",0.199637623533888,1988
23026774,3,"p_uf_",0.133951254920573,1989
23026774,3,"p_uf_",0.236746736300478,1990
23026774,3,"p_uf_",0.210995624302891,1991
23026774,3,"p_uf_",0.256964969233005,1992
23026774,3,"p_uf_",0.526181422894593,1993
23026774,3,"p_uf_",0.540271820700374,1994
23026774,3,"p_uf_",0.589477576678924,1995
23026774,3,"p_uf_",0.802048352159565,1996
23026774,3,"p_uf_",0.0810801111119086,1997
23026774,3,"p_uf_",0.0959365057702642,1998
23026774,3,"p_uf_",0.0897779455065966,1999
23026774,3,"p_uf_",0.328881653878537,2000
23026774,3,"p_uf_",0.405448827177924,2001
23026774,3,"p_uf_",0.283818430047295,2002
23026774,3,"p_uf_",0.533167687586283,2003
23026774,3,"p_uf_",0.386000254866182,2004
23026774,3,"p_uf_",0.360819347463222,2005
23026774,3,"p_uf_",0.54281942226719,2006
23026774,3,"p_uf_",0.388948949422893,2007
23026774,3,"p_uf_",0.207741810893756,2008
23026774,3,"p_uf_",0.164670813826052,2009
23026774,3,"p_uf_",0.11633683435627,2010
23026774,3,"p_uf_",0.220842653208511,2011
23026774,3,"p_uf_",0.143263904445757,2012
23026774,3,"p_uf_",0.161591529812365,2013
23026774,3,"p_uf_",0.17975078706453,2014
23026774,3,"p_uf_",0.197637972057531,2015
23026774,3,"p_uf_",0.215328621978669,2016
23026774,3,"p_uf_",0.232744394952666,2017
23026774,3,"n_ags_",0,1987
23026774,3,"n_ags_",0,1988
23026774,3,"n_ags_",0,1989
23026774,3,"n_ags_",0,1990
23026774,3,"n_ags_",0,1991
23026774,3,"n_ags_",0,1992
23026774,3,"n_ags_",0,1993
23026774,3,"n_ags_",0,1994
23026774,3,"n_ags_",0,1995
23026774,3,"n_ags_",0,1996
23026774,3,"n_ags_",0,1997
23026774,3,"n_ags_",0,1998
23026774,3,"n_ags_",0,1999
23026774,3,"n_ags_",0,2000
23026774,3,"n_ags_",0,2001
23026774,3,"n_ags_",0,2002
23026774,3,"n_ags_",0,2003
23026774,3,"n_ags_",0,2004
23026774,3,"n_ags_",0,2005
23026774,3,"n_ags_",0,2006
23026774,3,"n_ags_",0,2008
23026774,3,"n_ags_",0,2009
23026774,3,"n_ags_",0,2010
23026774,3,"n_ags_",0,2011
23026774,3,"n_ags_",0,2012
23026774,3,"n_ags_",0,2013
23026774,3,"n_ags_",0,2014
23026774,3,"n_ags_",0,2015
23026774,3,"n_ags_",0,2016
23026774,3,"n_ags_",0,2017
23026774,3,"p_ags_",0,1987
23026774,3,"p_ags_",0,1988
23026774,3,"p_ags_",0,1989
23026774,3,"p_ags_",0,1990
23026774,3,"p_ags_",0,1991
23026774,3,"p_ags_",0,1992
23026774,3,"p_ags_",0,1993
23026774,3,"p_ags_",0,1994
23026774,3,"p_ags_",0,1995
23026774,3,"p_ags_",0,1996
23026774,3,"p_ags_",0,1997
23026774,3,"p_ags_",0,1998
23026774,3,"p_ags_",0,1999
23026774,3,"p_ags_",0,2000
23026774,3,"p_ags_",0,2001
23026774,3,"p_ags_",0,2002
23026774,3,"p_ags_",0,2003
23026774,3,"p_ags_",0,2004
23026774,3,"p_ags_",0,2005
23026774,3,"p_ags_",0,2006
23026774,3,"p_ags_",0,2007
23026774,3,"p_ags_",0,2008
23026774,3,"p_ags_",0,2009
23026774,3,"p_ags_",0,2010
23026774,3,"p_ags_",0,2011
23026774,3,"p_ags_",0,2012
23026774,3,"p_ags_",0,2013
23026774,3,"p_ags_",0,2014
23026774,3,"p_ags_",0,2015
23026774,3,"p_ags_",0,2016
23026774,3,"p_ags_",0,2017
23026774,3,"n_ags_",0,2007
23026774,3,"n_cr_",0,2004
23026774,3,"n_cr_",0,1988
23026774,3,"n_cr_",0,1989
23026774,3,"n_cr_",0,1990
23026774,3,"n_cr_",0,1991
23026774,3,"n_cr_",0,1992
23026774,3,"n_cr_",0,1993
23026774,3,"n_cr_",0,1994
23026774,3,"n_cr_",0,1995
23026774,3,"n_cr_",0,1996
23026774,3,"n_cr_",0,1997
23026774,3,"n_cr_",0,1998
23026774,3,"n_cr_",0,1999
23026774,3,"n_cr_",0,2000
23026774,3,"n_cr_",0,2001
23026774,3,"n_cr_",0,2002
23026774,3,"n_cr_",0,2003
23026774,3,"n_cr_",0,2005
23026774,3,"n_cr_",0,2006
23026774,3,"n_cr_",0,2007
23026774,3,"n_cr_",0,2008
23026774,3,"n_cr_",0,2009
23026774,3,"n_cr_",0,2010
23026774,3,"n_cr_",0,2011
23026774,3,"n_cr_",0,2012
23026774,3,"n_cr_",0,2013
23026774,3,"n_cr_",0,2014
23026774,3,"n_cr_",0,2015
23026774,3,"n_cr_",0,2016
23026774,3,"n_cr_",0,2017
23026774,3,"p_cr_",0,1987
23026774,3,"p_cr_",0,1988
23026774,3,"p_cr_",0,1989
23026774,3,"p_cr_",0,1990
23026774,3,"p_cr_",0,1991
23026774,3,"p_cr_",0,1992
23026774,3,"p_cr_",0,1993
23026774,3,"p_cr_",0,1994
23026774,3,"p_cr_",0,1995
23026774,3,"p_cr_",0,1996
23026774,3,"p_cr_",0,1997
23026774,3,"p_cr_",0,1998
23026774,3,"p_cr_",0,1999
23026774,3,"p_cr_",0,2000
23026774,3,"p_cr_",0,2001
23026774,3,"p_cr_",0,2002
23026774,3,"p_cr_",0,2003
23026774,3,"p_cr_",0,2004
23026774,3,"p_cr_",0,2005
23026774,3,"p_cr_",0,2006
23026774,3,"p_cr_",0,2007
23026774,3,"p_cr_",0,2008
23026774,3,"p_cr_",0,2009
23026774,3,"p_cr_",0,2010
23026774,3,"p_cr_",0,2011
23026774,3,"p_cr_",0,2012
23026774,3,"p_cr_",0,2013
23026774,3,"p_cr_",0,2014
23026774,3,"p_cr_",0,2015
23026774,3,"p_cr_",0,2016
23026774,3,"p_cr_",0,2017
23026774,3,"n_cr_",0,1987
23026774,3,"n_lwr_",0,2007
23026774,3,"n_lwr_",0,2008
23026774,3,"n_lwr_",0,2009
23026774,3,"n_lwr_",0,2010
23026774,3,"n_lwr_",0,2011
23026774,3,"n_lwr_",0,2012
23026774,3,"n_lwr_",0,2013
23026774,3,"n_lwr_",0,2014
23026774,3,"n_lwr_",0,2015
23026774,3,"n_lwr_",0,2016
23026774,3,"n_lwr_",0,2017
23026774,3,"p_lwr_",0,1987
23026774,3,"p_lwr_",0,1988
23026774,3,"p_lwr_",0,1989
23026774,3,"p_lwr_",0,1990
23026774,3,"p_lwr_",0,1991
23026774,3,"p_lwr_",0,1992
23026774,3,"p_lwr_",0,1993
23026774,3,"p_lwr_",0,1994
23026774,3,"p_lwr_",0,1995
23026774,3,"p_lwr_",0,1996
23026774,3,"p_lwr_",0,1997
23026774,3,"p_lwr_",0,1998
23026774,3,"p_lwr_",0,1999
23026774,3,"p_lwr_",0,2000
23026774,3,"p_lwr_",0,2001
23026774,3,"p_lwr_",0,2002
23026774,3,"p_lwr_",0,2003
23026774,3,"p_lwr_",0,2004
23026774,3,"p_lwr_",0,2005
23026774,3,"p_lwr_",0,2006
23026774,3,"p_lwr_",0,2007
23026774,3,"p_lwr_",0,2008
23026774,3,"p_lwr_",0,2009
23026774,3,"p_lwr_",0,2010
23026774,3,"p_lwr_",0,2011
23026774,3,"p_lwr_",0,2012
23026774,3,"p_lwr_",0,2013
23026774,3,"p_lwr_",0,2014
23026774,3,"p_lwr_",0,2015
23026774,3,"p_lwr_",0,2016
23026774,3,"p_lwr_",0,2017
23026774,3,"n_lwr_",0,1987
23026774,3,"n_lwr_",0,1988
23026774,3,"n_lwr_",0,1989
23026774,3,"n_lwr_",0,1990
23026774,3,"n_lwr_",0,1991
23026774,3,"n_lwr_",0,1992
23026774,3,"n_lwr_",0,1993
23026774,3,"n_lwr_",0,1994
23026774,3,"n_lwr_",0,1995
23026774,3,"n_lwr_",0,1996
23026774,3,"n_lwr_",0,1997
23026774,3,"n_lwr_",0,1998
23026774,3,"n_lwr_",0,1999
23026774,3,"n_lwr_",0,2000
23026774,3,"n_lwr_",0,2001
23026774,3,"n_lwr_",0,2002
23026774,3,"n_lwr_",0,2003
23026774,3,"n_lwr_",0,2004
23026774,3,"n_lwr_",0,2005
23026774,3,"n_lwr_",0,2006
23026774,3,"n_lw_",0,1987
23026774,3,"n_lw_",0,1988
23026774,3,"n_lw_",0,1989
23026774,3,"n_lw_",0,1990
23026774,3,"n_lw_",0,1991
23026774,3,"n_lw_",0,1992
23026774,3,"n_lw_",0,1993
23026774,3,"n_lw_",0,1994
23026774,3,"n_lw_",0,1995
23026774,3,"n_lw_",0,1996
23026774,3,"n_lw_",0,1997
23026774,3,"n_lw_",0,1998
23026774,3,"n_lw_",0,1999
23026774,3,"n_lw_",0,2000
23026774,3,"n_lw_",0,2001
23026774,3,"n_lw_",0,2002
23026774,3,"n_lw_",0,2003
23026774,3,"n_lw_",0,2004
23026774,3,"n_lw_",0,2005
23026774,3,"n_lw_",0,2006
23026774,3,"n_lw_",0,2007
23026774,3,"n_lw_",0,2008
23026774,3,"n_lw_",0,2009
23026774,3,"n_lw_",0,2010
23026774,3,"n_lw_",0,2011
23026774,3,"n_lw_",0,2012
23026774,3,"n_lw_",0,2013
23026774,3,"n_lw_",0,2014
23026774,3,"n_lw_",0,2015
23026774,3,"n_lw_",0,2016
23026774,3,"n_lw_",0,2017
23026774,3,"p_lw_",0,1987
23026774,3,"p_lw_",0,1988
23026774,3,"p_lw_",0,1989
23026774,3,"p_lw_",0,1990
23026774,3,"p_lw_",0,1991
23026774,3,"p_lw_",0,1992
23026774,3,"p_lw_",0,1993
23026774,3,"p_lw_",0,1994
23026774,3,"p_lw_",0,1995
23026774,3,"p_lw_",0,1996
23026774,3,"p_lw_",0,1997
23026774,3,"p_lw_",0,1998
23026774,3,"p_lw_",0,1999
23026774,3,"p_lw_",0,2000
23026774,3,"p_lw_",0,2001
23026774,3,"p_lw_",0,2002
23026774,3,"p_lw_",0,2003
23026774,3,"p_lw_",0,2004
23026774,3,"p_lw_",0,2005
23026774,3,"p_lw_",0,2006
23026774,3,"p_lw_",0,2007
23026774,3,"p_lw_",0,2008
23026774,3,"p_lw_",0,2009
23026774,3,"p_lw_",0,2010
23026774,3,"p_lw_",0,2011
23026774,3,"p_lw_",0,2012
23026774,3,"p_lw_",0,2013
23026774,3,"p_lw_",0,2014
23026774,3,"p_lw_",0,2015
23026774,3,"p_lw_",0,2016
23026774,3,"p_lw_",0,2017
23026774,3,"n_hw_",10.4397949746853,1987
23026774,3,"n_hw_",10.3800112891808,1988
23026774,3,"n_hw_",10.3884592596729,1989
23026774,3,"n_hw_",10.5205197255548,1990
23026774,3,"n_hw_",10.7371211099808,1991
23026774,3,"n_hw_",10.902865933427,1992
23026774,3,"n_hw_",11.102562737837,1993
23026774,3,"n_hw_",11.1122390503479,1994
23026774,3,"n_hw_",11.1631741596941,1995
23026774,3,"n_hw_",13.9454104700016,1996
23026774,3,"n_hw_",13.83831351072,1997
23026774,3,"n_hw_",13.8143521638135,1998
23026774,3,"n_hw_",13.7472853982519,1999
23026774,3,"n_hw_",13.787743428601,2000
23026774,3,"n_hw_",13.8246908153628,2001
23026774,3,"n_hw_",13.8275839028805,2002
23026774,3,"n_hw_",13.8486845255768,2003
23026774,3,"n_hw_",13.86688664691,2004
23026774,3,"n_hw_",13.8878972353866,2005
23026774,3,"n_hw_",13.9821730326652,2006
23026774,3,"n_hw_",14.0982568416401,2007
23026774,3,"n_hw_",14.1745919799996,2008
23026774,3,"n_hw_",14.254486134825,2009
23026774,3,"n_hw_",14.2776659532491,2010
23026774,3,"n_hw_",14.2366907063996,2011
23026774,3,"n_hw_",14.2213873134024,2012
23026774,3,"n_hw_",14.2396060825636,2013
23026774,3,"n_hw_",14.3066576140062,2014
23026774,3,"n_hw_",14.4018670957918,2015
23026774,3,"n_hw_",14.569379563501,2016
23026774,3,"n_hw_",14.7426585356775,2017
23026774,3,"p_hw_",2.51221449284449,1987
23026774,3,"p_hw_",2.49782824852414,1988
23026774,3,"p_hw_",2.49986115376383,1989
23026774,3,"p_hw_",2.53163995948989,1990
23026774,3,"p_hw_",2.58376254795494,1991
23026774,3,"p_hw_",2.6236471001502,1992
23026774,3,"p_hw_",2.38823211233046,1993
23026774,3,"p_hw_",2.39031354891527,1994
23026774,3,"p_hw_",2.40127001605334,1995
23026774,3,"p_hw_",2.99974680535566,1996
23026774,3,"p_hw_",2.97670956581658,1997
23026774,3,"p_hw_",2.97155532715223,1998
23026774,3,"p_hw_",2.95712883779418,1999
23026774,3,"p_hw_",2.96583161836503,2000
23026774,3,"p_hw_",2.97377923709186,2001
23026774,3,"p_hw_",2.97440155868345,2002
23026774,3,"p_hw_",2.97894043731025,2003
23026774,3,"p_hw_",2.98285582979277,2004
23026774,3,"p_hw_",2.98737534148423,2005
23026774,3,"p_hw_",3.00765466723925,2006
23026774,3,"p_hw_",3.03262503551024,2007
23026774,3,"p_hw_",3.04904521101693,2008
23026774,3,"p_hw_",3.06623095368257,2009
23026774,3,"p_hw_",3.07121708058187,2010
23026774,3,"p_hw_",2.04553983702801,2011
23026774,3,"p_hw_",2.04334103249801,2012
23026774,3,"p_hw_",2.04595872075642,2013
23026774,3,"p_hw_",2.05559274185922,2014
23026774,3,"p_hw_",2.06927252123154,2015
23026774,3,"p_hw_",2.09334085515579,2016
23026774,3,"p_hw_",2.11823772534958,2017
23026774,3,"pctimpslphigh",0.85,2001
23026774,3,"pctimpslphigh",0.85,2004
23026774,3,"pctimpslphigh",0.85,2006
23026774,3,"pctimpslphigh",0.85,2008
23026774,3,"pctimpslphigh",0.85,2011
23026774,3,"pctimpslphigh",0.85,2013
23026774,3,"pctimpslphigh",0.85,2016
23026774,3,"pctimpslphigh",0.85,2019
23026774,3,"pctcrop",0,2016
23026774,3,"pcthay",0,2016
23026774,3,"pcturbhi",0,2016
23026774,3,"pcturblo",0.64,2016
23026774,3,"pcturbmd",0,2016
23026774,3,"pcturbop",18.47,2016
23026774,3,"pctundsev",0,2003
23026774,3,"pctlowsev",0,2003
23026774,3,"pctmodsev",0,2003
23026774,3,"pcthighsev",0,2003
23026774,3,"pctlowsev",0,1993
23026774,3,"pctmodsev",0,1993
23026774,3,"pcthighsev",0,1993
23026774,3,"pctundsev",0,1993
23026774,3,"pctundsev",0,2005
23026774,3,"pctlowsev",0,2005
23026774,3,"pctmodsev",0,2005
23026774,3,"pcthighsev",0,2005
23026774,3,"pctundsev",0,2014
23026774,3,"pctlowsev",0,2014
23026774,3,"pctmodsev",0,2014
23026774,3,"pcthighsev",0,2014
23026774,3,"pctagslpmid",0,2004
23026774,3,"pctagslphigh",0,2004
23026774,3,"pctagslpmid",0,2008
23026774,3,"pctagslphigh",0,2008
23026774,3,"pctundsev",0,1984
23026774,3,"pctlowsev",0,1984
23026774,3,"pctmodsev",0,1984
23026774,3,"pcthighsev",0,1984
23026774,3,"pctundsev",0,1986
23026774,3,"pctlowsev",0,1986
23026774,3,"pctmodsev",0,1986
23026774,3,"pcthighsev",0,1986
23026774,3,"pctundsev",0,1989
23026774,3,"pctlowsev",0,1989
23026774,3,"pctmodsev",0,1989
23026774,3,"pcthighsev",0,1989
23026774,3,"pctundsev",0,1994
23026774,3,"pctlowsev",0,1994
23026774,3,"pctmodsev",0,1994
23026774,3,"pcthighsev",0,1994
23026774,3,"pctundsev",0,1997
23026774,3,"pctlowsev",0,1997
23026774,3,"pctmodsev",0,1997
23026774,3,"pcthighsev",0,1997
23026774,3,"pctundsev",0,2000
23026774,3,"pctlowsev",0,2000
23026774,3,"pctmodsev",0,2000
23026774,3,"pcthighsev",0,2000
23026774,3,"pctundsev",0,2001
23026774,3,"pctlowsev",0,2001
23026774,3,"pctmodsev",0,2001
23026774,3,"pcthighsev",0,2001
23026774,3,"pctundsev",0,2009
23026774,3,"pctlowsev",0,2009
23026774,3,"pctmodsev",0,2009
23026774,3,"pcthighsev",0,2009
23026774,3,"pctundsev",0,2012
23026774,3,"pctlowsev",0,2012
23026774,3,"pctmodsev",0,2012
23026774,3,"pcthighsev",0,2012
23026774,3,"pctundsev",0,2015
23026774,3,"pctlowsev",0,2015
23026774,3,"pctmodsev",0,2015
23026774,3,"pcthighsev",0,2015
23026774,3,"pctagslpmid",0,2011
23026774,3,"pctagslphigh",0,2011
23026774,3,"pctcrop",0,2013
23026774,3,"pcthay",0,2013
23026774,3,"pcturbhi",0,2013
23026774,3,"pcturblo",0.64,2013
23026774,3,"pcturbmd",0,2013
23026774,3,"pcturbop",18.47,2013
23026774,3,"pctundsev",0,1985
23026774,3,"pctlowsev",0,1985
23026774,3,"pctmodsev",0,1985
23026774,3,"pcthighsev",0,1985
23026774,3,"pctundsev",0,1987
23026774,3,"pctlowsev",0,1987
23026774,3,"pctmodsev",0,1987
23026774,3,"pcthighsev",0,1987
23026774,3,"pctundsev",0,1988
23026774,3,"pctlowsev",0,1988
23026774,3,"pctmodsev",0,1988
23026774,3,"pcthighsev",0,1988
23026774,3,"pctundsev",0,1990
23026774,3,"pctlowsev",0,1990
23026774,3,"pctmodsev",0,1990
23026774,3,"pcthighsev",0,1990
23026774,3,"pctundsev",0,1995
23026774,3,"pctlowsev",0,1995
23026774,3,"pctmodsev",0,1995
23026774,3,"pcthighsev",0,1995
23026774,3,"pctundsev",0,1999
23026774,3,"pctlowsev",0,1999
23026774,3,"pctmodsev",0,1999
23026774,3,"pcthighsev",0,1999
23026774,3,"pctundsev",0,2002
23026774,3,"pctlowsev",0,2002
23026774,3,"pctmodsev",0,2002
23026774,3,"pcthighsev",0,2002
23026774,3,"pctundsev",0,2007
23026774,3,"pctlowsev",0,2007
23026774,3,"pctmodsev",0,2007
23026774,3,"pcthighsev",0,2007
23026774,3,"pctundsev",0,2008
23026774,3,"pctlowsev",0,2008
23026774,3,"pctmodsev",0,2008
23026774,3,"pcthighsev",0,2008
23026774,3,"pctundsev",0,2010
23026774,3,"pctlowsev",0,2010
23026774,3,"pctmodsev",0,2010
23026774,3,"pcthighsev",0,2010
23026774,3,"pctundsev",0,2011
23026774,3,"pctlowsev",0,2011
23026774,3,"pctmodsev",0,2011
23026774,3,"pcthighsev",0,2011
23026774,3,"wwtpmajordens",0,NA
23026774,3,"wwtpminordens",0,NA
23026774,3,"wwtpalldens",0,NA
23026774,3,"coalminedens",0,NA
23026774,3,"npdesdens",0,NA
23026774,3,"tridens",0,NA
23026774,3,"superfunddens",0,NA
23026774,3,"pctimp",0.79,2001
23026774,3,"pctimp",0.79,2004
23026774,3,"pctimp",0.79,2006
23026774,3,"pctimp",0.79,2008
23026774,3,"pctimp",0.79,2011
23026774,3,"pctimp",0.79,2013
23026774,3,"pctimp",0.79,2016
23026774,3,"pctimp",0.79,2019
23026774,3,"pctcrop",0,2008
23026774,3,"pcthay",0,2008
23026774,3,"pcturbhi",0,2008
23026774,3,"pcturblo",0.64,2008
23026774,3,"pcturbmd",0,2008
23026774,3,"pcturbop",18.47,2008
23026774,3,"pctcrop",0,2019
23026774,3,"pcthay",0,2019
23026774,3,"pcturbhi",0,2019
23026774,3,"pcturblo",0.64,2019
23026774,3,"pcturbmd",0,2019
23026774,3,"pcturbop",18.47,2019
23026774,3,"pctundsev",0,1996
23026774,3,"pctlowsev",0,1996
23026774,3,"pctmodsev",0,1996
23026774,3,"pcthighsev",0,1996
23026774,3,"pctundsev",0,2013
23026774,3,"pctlowsev",0,2013
23026774,3,"pctmodsev",0,2013
23026774,3,"pcthighsev",0,2013
23026774,3,"pcturblo",0.64,2001
23026774,3,"pcturbhi",0,2001
23026774,3,"pcturbop",18.47,2001
23026774,3,"pctcrop",0,2001
23026774,3,"pcturbmd",0,2001
23026774,3,"pcthay",0,2001
23026774,3,"pctcrop",0,2006
23026774,3,"pcthay",0,2006
23026774,3,"pcturbop",18.47,2006
23026774,3,"pcturbhi",0,2006
23026774,3,"pcturbmd",0,2006
23026774,3,"pcturblo",0.64,2006
23026774,3,"pcthay",0,2011
23026774,3,"pcturbmd",0,2011
23026774,3,"pcturbop",18.47,2011
23026774,3,"pcturbhi",0,2011
23026774,3,"pctcrop",0,2011
23026774,3,"pcturblo",0.64,2011
23026774,3,"rddens",2.9399,NA
23026774,3,"rdcrsslpwtd",1.1362,NA
23026774,3,"rdcrs",0.2123,NA
23026774,3,"popden2010",4.25670023528026,NA
23026774,3,"pctimpslpmid",0.79,2001
23026774,3,"pctimpslpmid",0.79,2004
23026774,3,"pctimpslpmid",0.79,2006
23026774,3,"pctimpslpmid",0.79,2008
23026774,3,"pctimpslpmid",0.79,2011
23026774,3,"pctimpslpmid",0.79,2013
23026774,3,"pctimpslpmid",0.79,2016
23026774,3,"pctimpslpmid",0.79,2019
23026774,3,"pctcrop",0,2004
23026774,3,"pcthay",0,2004
23026774,3,"pcturbhi",0,2004
23026774,3,"pcturblo",0.64,2004
23026774,3,"pcturbmd",0,2004
23026774,3,"pcturbop",18.47,2004
23026774,3,"pctburnarea",0,1984
23026774,3,"pctburnarea",0,1985
23026774,3,"pctburnarea",0,1986
23026774,3,"pctburnarea",0,1987
23026774,3,"pctburnarea",0,1988
23026774,3,"pctburnarea",0,1989
23026774,3,"pctburnarea",0,1990
23026774,3,"pctburnarea",0,1991
23026774,3,"pctburnarea",0,1992
23026774,3,"pctburnarea",0,1993
23026774,3,"pctburnarea",0,1994
23026774,3,"pctburnarea",0,1995
23026774,3,"pctburnarea",0,1996
23026774,3,"pctburnarea",0,1997
23026774,3,"pctburnarea",0,1998
23026774,3,"pctburnarea",0,1999
23026774,3,"pctburnarea",0,2000
23026774,3,"pctburnarea",0,2001
23026774,3,"pctburnarea",0,2002
23026774,3,"pctburnarea",0,2003
23026774,3,"pctburnarea",0,2004
23026774,3,"pctburnarea",0,2005
23026774,3,"pctburnarea",0,2006
23026774,3,"pctburnarea",0,2007
23026774,3,"pctburnarea",0,2008
23026774,3,"pctburnarea",0,2009
23026774,3,"pctburnarea",0,2010
23026774,3,"pctburnarea",0,2011
23026774,3,"pctburnarea",0,2012
23026774,3,"pctburnarea",0,2013
23026774,3,"pctburnarea",0,2014
23026774,3,"pctburnarea",0,2015
23026774,3,"pctburnarea",0,2016
23026774,3,"pctburnarea",0,2017
23026774,3,"pctburnarea",0,2018
23026774,3,"pctundsev",0,1991
23026774,3,"pctlowsev",0,1991
23026774,3,"pctmodsev",0,1991
23026774,3,"pcthighsev",0,1991
23026774,3,"pctundsev",0,1992
23026774,3,"pctlowsev",0,1992
23026774,3,"pctmodsev",0,1992
23026774,3,"pcthighsev",0,1992
23026774,3,"pctundsev",0,1998
23026774,3,"pctlowsev",0,1998
23026774,3,"pctmodsev",0,1998
23026774,3,"pcthighsev",0,1998
23026774,3,"pctundsev",0,2004
23026774,3,"pctlowsev",0,2004
23026774,3,"pctmodsev",0,2004
23026774,3,"pcthighsev",0,2004
23026774,3,"pctundsev",0,2006
23026774,3,"pctlowsev",0,2006
23026774,3,"pctmodsev",0,2006
23026774,3,"pcthighsev",0,2006
23026774,3,"pctundsev",0,2016
23026774,3,"pctlowsev",0,2016
23026774,3,"pctmodsev",0,2016
23026774,3,"pcthighsev",0,2016
23026774,3,"pctundsev",0,2017
23026774,3,"pctlowsev",0,2017
23026774,3,"pctmodsev",0,2017
23026774,3,"pcthighsev",0,2017
23026774,3,"pctundsev",0,2018
23026774,3,"pctlowsev",0,2018
23026774,3,"pctmodsev",0,2018
23026774,3,"pcthighsev",0,2018
23026774,3,"pctagslpmid",0,2001
23026774,3,"pctagslphigh",0,2001
23026774,3,"pctagslpmid",0,2006
23026774,3,"pctagslphigh",0,2006
23026774,3,"pctagslpmid",0,2013
23026774,3,"pctagslphigh",0,2013
23026774,3,"pctagslpmid",0,2016
23026774,3,"pctagslphigh",0,2016
23026774,3,"pctagslpmid",0,2019
23026774,3,"pctagslphigh",0,2019
23027840,3,"nabd_dens",0,NA
23027840,3,"nabd_nrmstor",0,NA
23027840,3,"nabd_nidstor",0,NA
23027840,3,"n_ff_",0,1988
23027840,3,"n_ff_",0,1989
23027840,3,"n_ff_",0,1990
23027840,3,"n_ff_",0,1991
23027840,3,"n_ff_",0,1992
23027840,3,"n_ff_",0,1993
23027840,3,"n_ff_",0,1994
23027840,3,"n_ff_",0,1995
23027840,3,"n_ff_",0,1996
23027840,3,"n_ff_",0,1997
23027840,3,"n_ff_",0,1998
23027840,3,"n_ff_",0,1999
23027840,3,"n_ff_",0,2000
23027840,3,"n_ff_",0,2001
23027840,3,"n_ff_",0,2002
23027840,3,"n_ff_",0,2003
23027840,3,"n_ff_",0,2004
23027840,3,"n_ff_",0,2005
23027840,3,"n_ff_",0,2006
23027840,3,"n_ff_",0,2007
23027840,3,"n_ff_",0,2008
23027840,3,"n_ff_",0,2009
23027840,3,"n_ff_",0,2010
23027840,3,"n_ff_",0,2011
23027840,3,"n_ff_",0,2012
23027840,3,"n_ff_",0,2013
23027840,3,"n_ff_",0,2014
23027840,3,"n_ff_",0,2015
23027840,3,"n_ff_",0,2016
23027840,3,"n_ff_",0,2017
23027840,3,"p_ff_",0,1987
23027840,3,"p_ff_",0,1988
23027840,3,"p_ff_",0,1989
23027840,3,"p_ff_",0,1990
23027840,3,"p_ff_",0,1991
23027840,3,"p_ff_",0,1992
23027840,3,"p_ff_",0,1993
23027840,3,"p_ff_",0,1994
23027840,3,"p_ff_",0,1995
23027840,3,"p_ff_",0,1996
23027840,3,"p_ff_",0,1997
23027840,3,"p_ff_",0,1998
23027840,3,"p_ff_",0,1999
23027840,3,"p_ff_",0,2000
23027840,3,"p_ff_",0,2001
23027840,3,"p_ff_",0,2002
23027840,3,"p_ff_",0,2003
23027840,3,"p_ff_",0,2004
23027840,3,"p_ff_",0,2005
23027840,3,"p_ff_",0,2006
23027840,3,"p_ff_",0,2007
23027840,3,"p_ff_",0,2008
23027840,3,"p_ff_",0,2009
23027840,3,"p_ff_",0,2010
23027840,3,"p_ff_",0,2011
23027840,3,"p_ff_",0,2012
23027840,3,"p_ff_",0,2013
23027840,3,"p_ff_",0,2014
23027840,3,"p_ff_",0,2015
23027840,3,"p_ff_",0,2016
23027840,3,"p_ff_",0,2017
23027840,3,"n_ff_",0,1987
23027840,3,"n_uf_",15.0039641362447,1987
23027840,3,"n_uf_",13.9165894823505,1988
23027840,3,"n_uf_",9.26125333854472,1989
23027840,3,"n_uf_",9.89475542100144,1990
23027840,3,"n_uf_",8.9112680328974,1991
23027840,3,"n_uf_",17.6617614104366,1992
23027840,3,"n_uf_",19.4115370563321,1993
23027840,3,"n_uf_",18.2508008684974,1994
23027840,3,"n_uf_",22.7497189931296,1995
23027840,3,"n_uf_",25.4632561385145,1996
23027840,3,"n_uf_",3.71079752223315,1997
23027840,3,"n_uf_",4.88819420158821,1998
23027840,3,"n_uf_",8.27893615493261,1999
23027840,3,"n_uf_",13.9266474552859,2000
23027840,3,"n_uf_",15.2834789479029,2001
23027840,3,"n_uf_",12.8193310363165,2002
23027840,3,"n_uf_",20.983920687065,2003
23027840,3,"n_uf_",21.7671702533207,2004
23027840,3,"n_uf_",22.1781568170718,2005
23027840,3,"n_uf_",30.6783540983345,2006
23027840,3,"n_uf_",26.3262838925539,2007
23027840,3,"n_uf_",11.5475557944842,2008
23027840,3,"n_uf_",16.2778605424816,2009
23027840,3,"n_uf_",5.55134869390523,2010
23027840,3,"n_uf_",9.00911087111188,2011
23027840,3,"n_uf_",13.7742653198379,2012
23027840,3,"n_uf_",13.44157718988,2013
23027840,3,"n_uf_",13.1124201745726,2014
23027840,3,"n_uf_",12.7797556946672,2015
23027840,3,"n_uf_",12.4498635004766,2016
23027840,3,"n_uf_",12.1186619849374,2017
23027840,3,"p_uf_",1.73097794567143,1987
23027840,3,"p_uf_",1.64701039415457,1988
23027840,3,"p_uf_",1.10509785309473,1989
23027840,3,"p_uf_",1.95316057447894,1990
23027840,3,"p_uf_",1.74071390049885,1991
23027840,3,"p_uf_",2.1199609961723,1992
23027840,3,"p_uf_",4.34099673888039,1993
23027840,3,"p_uf_",4.45724252077809,1994
23027840,3,"p_uf_",4.86319000760113,1995
23027840,3,"p_uf_",5.29351912425313,1996
23027840,3,"p_uf_",0.535128733338597,1997
23027840,3,"p_uf_",0.652368239237796,1998
23027840,3,"p_uf_",0.610490029444857,1999
23027840,3,"p_uf_",2.23639524637405,2000
23027840,3,"p_uf_",3.24359061742339,2001
23027840,3,"p_uf_",2.32731112638782,2002
23027840,3,"p_uf_",4.37197503820752,2003
23027840,3,"p_uf_",3.16520208990269,2004
23027840,3,"p_uf_",3.03088251869106,2005
23027840,3,"p_uf_",4.55968314704439,2006
23027840,3,"p_uf_",3.2671711751523,2007
23027840,3,"p_uf_",1.74503121150755,2008
23027840,3,"p_uf_",1.38323483613884,2009
23027840,3,"p_uf_",1.00049677546393,2010
23027840,3,"p_uf_",1.89924681759319,2011
23027840,3,"p_uf_",1.23206957823351,2012
23027840,3,"p_uf_",1.38968715638634,2013
23027840,3,"p_uf_",1.54585676875496,2014
23027840,3,"p_uf_",1.69968655969476,2015
23027840,3,"p_uf_",1.85182614901655,2016
23027840,3,"p_uf_",2.00160179659293,2017
23027840,3,"n_ags_",0,1987
23027840,3,"n_ags_",0,1988
23027840,3,"n_ags_",0,1989
23027840,3,"n_ags_",0,1990
23027840,3,"n_ags_",0,1991
23027840,3,"n_ags_",0,1992
23027840,3,"n_ags_",0,1993
23027840,3,"n_ags_",0,1994
23027840,3,"n_ags_",0,1995
23027840,3,"n_ags_",0,1996
23027840,3,"n_ags_",0,1997
23027840,3,"n_ags_",0,1998
23027840,3,"n_ags_",0,1999
23027840,3,"n_ags_",0,2000
23027840,3,"n_ags_",0,2001
23027840,3,"n_ags_",0,2002
23027840,3,"n_ags_",0,2003
23027840,3,"n_ags_",0,2004
23027840,3,"n_ags_",0,2005
23027840,3,"n_ags_",0,2006
23027840,3,"n_ags_",0,2008
23027840,3,"n_ags_",0,2009
23027840,3,"n_ags_",0,2010
23027840,3,"n_ags_",0,2011
23027840,3,"n_ags_",0,2012
23027840,3,"n_ags_",0,2013
23027840,3,"n_ags_",0,2014
23027840,3,"n_ags_",0,2015
23027840,3,"n_ags_",0,2016
23027840,3,"n_ags_",0,2017
23027840,3,"p_ags_",0,1987
23027840,3,"p_ags_",0,1988
23027840,3,"p_ags_",0,1989
23027840,3,"p_ags_",0,1990
23027840,3,"p_ags_",0,1991
23027840,3,"p_ags_",0,1992
23027840,3,"p_ags_",0,1993
23027840,3,"p_ags_",0,1994
23027840,3,"p_ags_",0,1995
23027840,3,"p_ags_",0,1996
23027840,3,"p_ags_",0,1997
23027840,3,"p_ags_",0,1998
23027840,3,"p_ags_",0,1999
23027840,3,"p_ags_",0,2000
23027840,3,"p_ags_",0,2001
23027840,3,"p_ags_",0,2002
23027840,3,"p_ags_",0,2003
23027840,3,"p_ags_",0,2004
23027840,3,"p_ags_",0,2005
23027840,3,"p_ags_",0,2006
23027840,3,"p_ags_",0,2007
23027840,3,"p_ags_",0,2008
23027840,3,"p_ags_",0,2009
23027840,3,"p_ags_",0,2010
23027840,3,"p_ags_",0,2011
23027840,3,"p_ags_",0,2012
23027840,3,"p_ags_",0,2013
23027840,3,"p_ags_",0,2014
23027840,3,"p_ags_",0,2015
23027840,3,"p_ags_",0,2016
23027840,3,"p_ags_",0,2017
23027840,3,"n_ags_",0,2007
23027840,3,"n_cr_",0,2004
23027840,3,"n_cr_",0,1988
23027840,3,"n_cr_",0,1989
23027840,3,"n_cr_",0,1990
23027840,3,"n_cr_",0,1991
23027840,3,"n_cr_",0,1992
23027840,3,"n_cr_",0,1993
23027840,3,"n_cr_",0,1994
23027840,3,"n_cr_",0,1995
23027840,3,"n_cr_",0,1996
23027840,3,"n_cr_",0,1997
23027840,3,"n_cr_",0,1998
23027840,3,"n_cr_",0,1999
23027840,3,"n_cr_",0,2000
23027840,3,"n_cr_",0,2001
23027840,3,"n_cr_",0,2002
23027840,3,"n_cr_",0,2003
23027840,3,"n_cr_",0,2005
23027840,3,"n_cr_",0,2006
23027840,3,"n_cr_",0,2007
23027840,3,"n_cr_",0,2008
23027840,3,"n_cr_",0,2009
23027840,3,"n_cr_",0,2010
23027840,3,"n_cr_",0,2011
23027840,3,"n_cr_",0,2012
23027840,3,"n_cr_",0,2013
23027840,3,"n_cr_",0,2014
23027840,3,"n_cr_",0,2015
23027840,3,"n_cr_",0,2016
23027840,3,"n_cr_",0,2017
23027840,3,"p_cr_",0,1987
23027840,3,"p_cr_",0,1988
23027840,3,"p_cr_",0,1989
23027840,3,"p_cr_",0,1990
23027840,3,"p_cr_",0,1991
23027840,3,"p_cr_",0,1992
23027840,3,"p_cr_",0,1993
23027840,3,"p_cr_",0,1994
23027840,3,"p_cr_",0,1995
23027840,3,"p_cr_",0,1996
23027840,3,"p_cr_",0,1997
23027840,3,"p_cr_",0,1998
23027840,3,"p_cr_",0,1999
23027840,3,"p_cr_",0,2000
23027840,3,"p_cr_",0,2001
23027840,3,"p_cr_",0,2002
23027840,3,"p_cr_",0,2003
23027840,3,"p_cr_",0,2004
23027840,3,"p_cr_",0,2005
23027840,3,"p_cr_",0,2006
23027840,3,"p_cr_",0,2007
23027840,3,"p_cr_",0,2008
23027840,3,"p_cr_",0,2009
23027840,3,"p_cr_",0,2010
23027840,3,"p_cr_",0,2011
23027840,3,"p_cr_",0,2012
23027840,3,"p_cr_",0,2013
23027840,3,"p_cr_",0,2014
23027840,3,"p_cr_",0,2015
23027840,3,"p_cr_",0,2016
23027840,3,"p_cr_",0,2017
23027840,3,"n_cr_",0,1987
23027840,3,"n_lwr_",0,2007
23027840,3,"n_lwr_",0,2008
23027840,3,"n_lwr_",0,2009
23027840,3,"n_lwr_",0,2010
23027840,3,"n_lwr_",0,2011
23027840,3,"n_lwr_",0,2012
23027840,3,"n_lwr_",0,2013
23027840,3,"n_lwr_",0,2014
23027840,3,"n_lwr_",0,2015
23027840,3,"n_lwr_",0,2016
23027840,3,"n_lwr_",0,2017
23027840,3,"p_lwr_",0,1987
23027840,3,"p_lwr_",0,1988
23027840,3,"p_lwr_",0,1989
23027840,3,"p_lwr_",0,1990
23027840,3,"p_lwr_",0,1991
23027840,3,"p_lwr_",0,1992
23027840,3,"p_lwr_",0,1993
23027840,3,"p_lwr_",0,1994
23027840,3,"p_lwr_",0,1995
23027840,3,"p_lwr_",0,1996
23027840,3,"p_lwr_",0,1997
23027840,3,"p_lwr_",0,1998
23027840,3,"p_lwr_",0,1999
23027840,3,"p_lwr_",0,2000
23027840,3,"p_lwr_",0,2001
23027840,3,"p_lwr_",0,2002
23027840,3,"p_lwr_",0,2003
23027840,3,"p_lwr_",0,2004
23027840,3,"p_lwr_",0,2005
23027840,3,"p_lwr_",0,2006
23027840,3,"p_lwr_",0,2007
23027840,3,"p_lwr_",0,2008
23027840,3,"p_lwr_",0,2009
23027840,3,"p_lwr_",0,2010
23027840,3,"p_lwr_",0,2011
23027840,3,"p_lwr_",0,2012
23027840,3,"p_lwr_",0,2013
23027840,3,"p_lwr_",0,2014
23027840,3,"p_lwr_",0,2015
23027840,3,"p_lwr_",0,2016
23027840,3,"p_lwr_",0,2017
23027840,3,"n_lwr_",0,1987
23027840,3,"n_lwr_",0,1988
23027840,3,"n_lwr_",0,1989
23027840,3,"n_lwr_",0,1990
23027840,3,"n_lwr_",0,1991
23027840,3,"n_lwr_",0,1992
23027840,3,"n_lwr_",0,1993
23027840,3,"n_lwr_",0,1994
23027840,3,"n_lwr_",0,1995
23027840,3,"n_lwr_",0,1996
23027840,3,"n_lwr_",0,1997
23027840,3,"n_lwr_",0,1998
23027840,3,"n_lwr_",0,1999
23027840,3,"n_lwr_",0,2000
23027840,3,"n_lwr_",0,2001
23027840,3,"n_lwr_",0,2002
23027840,3,"n_lwr_",0,2003
23027840,3,"n_lwr_",0,2004
23027840,3,"n_lwr_",0,2005
23027840,3,"n_lwr_",0,2006
23027840,3,"n_lw_",0,1987
23027840,3,"n_lw_",0,1988
23027840,3,"n_lw_",0,1989
23027840,3,"n_lw_",0,1990
23027840,3,"n_lw_",0,1991
23027840,3,"n_lw_",0,1992
23027840,3,"n_lw_",0,1993
23027840,3,"n_lw_",0,1994
23027840,3,"n_lw_",0,1995
23027840,3,"n_lw_",0,1996
23027840,3,"n_lw_",0,1997
23027840,3,"n_lw_",0,1998
23027840,3,"n_lw_",0,1999
23027840,3,"n_lw_",0,2000
23027840,3,"n_lw_",0,2001
23027840,3,"n_lw_",0,2002
23027840,3,"n_lw_",0,2003
23027840,3,"n_lw_",0,2004
23027840,3,"n_lw_",0,2005
23027840,3,"n_lw_",0,2006
23027840,3,"n_lw_",0,2007
23027840,3,"n_lw_",0,2008
23027840,3,"n_lw_",0,2009
23027840,3,"n_lw_",0,2010
23027840,3,"n_lw_",0,2011
23027840,3,"n_lw_",0,2012
23027840,3,"n_lw_",0,2013
23027840,3,"n_lw_",0,2014
23027840,3,"n_lw_",0,2015
23027840,3,"n_lw_",0,2016
23027840,3,"n_lw_",0,2017
23027840,3,"p_lw_",0,1987
23027840,3,"p_lw_",0,1988
23027840,3,"p_lw_",0,1989
23027840,3,"p_lw_",0,1990
23027840,3,"p_lw_",0,1991
23027840,3,"p_lw_",0,1992
23027840,3,"p_lw_",0,1993
23027840,3,"p_lw_",0,1994
23027840,3,"p_lw_",0,1995
23027840,3,"p_lw_",0,1996
23027840,3,"p_lw_",0,1997
23027840,3,"p_lw_",0,1998
23027840,3,"p_lw_",0,1999
23027840,3,"p_lw_",0,2000
23027840,3,"p_lw_",0,2001
23027840,3,"p_lw_",0,2002
23027840,3,"p_lw_",0,2003
23027840,3,"p_lw_",0,2004
23027840,3,"p_lw_",0,2005
23027840,3,"p_lw_",0,2006
23027840,3,"p_lw_",0,2007
23027840,3,"p_lw_",0,2008
23027840,3,"p_lw_",0,2009
23027840,3,"p_lw_",0,2010
23027840,3,"p_lw_",0,2011
23027840,3,"p_lw_",0,2012
23027840,3,"p_lw_",0,2013
23027840,3,"p_lw_",0,2014
23027840,3,"p_lw_",0,2015
23027840,3,"p_lw_",0,2016
23027840,3,"p_lw_",0,2017
23027840,3,"n_hw_",86.128308541154,1987
23027840,3,"n_hw_",85.6350931357415,1988
23027840,3,"n_hw_",85.7047888923011,1989
23027840,3,"n_hw_",86.7942877358273,1990
23027840,3,"n_hw_",88.5812491573413,1991
23027840,3,"n_hw_",89.9486439507728,1992
23027840,3,"n_hw_",91.5961425871549,1993
23027840,3,"n_hw_",91.6759721653704,1994
23027840,3,"n_hw_",92.0961868174761,1995
23027840,3,"n_hw_",92.0397091020105,1996
23027840,3,"n_hw_",91.332869170752,1997
23027840,3,"n_hw_",93.9375947139319,1998
23027840,3,"n_hw_",93.4815407081129,1999
23027840,3,"n_hw_",93.7566553144871,2000
23027840,3,"n_hw_",110.597526522902,2001
23027840,3,"n_hw_",113.38618800362,2002
23027840,3,"n_hw_",113.55921310973,2003
23027840,3,"n_hw_",113.708470504662,2004
23027840,3,"n_hw_",116.658336777248,2005
23027840,3,"n_hw_",117.450253474387,2006
23027840,3,"n_hw_",118.425357469777,2007
23027840,3,"n_hw_",119.066572631997,2008
23027840,3,"n_hw_",119.73768353253,2009
23027840,3,"n_hw_",122.787927197942,2010
23027840,3,"n_hw_",122.435540075037,2011
23027840,3,"n_hw_",122.303930895261,2012
23027840,3,"n_hw_",122.460612310047,2013
23027840,3,"n_hw_",123.037255480453,2014
23027840,3,"n_hw_",123.85605702381,2015
23027840,3,"n_hw_",125.296664246108,2016
23027840,3,"n_hw_",126.786863406827,2017
23027840,3,"p_hw_",20.725769565967,1987
23027840,3,"p_hw_",20.6070830503242,1988
23027840,3,"p_hw_",20.6238545185516,1989
23027840,3,"p_hw_",20.8860296657916,1990
23027840,3,"p_hw_",21.3160410206283,1991
23027840,3,"p_hw_",21.6450885762392,1992
23027840,3,"p_hw_",19.7029149267263,1993
23027840,3,"p_hw_",19.720086778551,1994
23027840,3,"p_hw_",19.8104776324401,1995
23027840,3,"p_hw_",19.7983289153474,1996
23027840,3,"p_hw_",19.6462831343894,1997
23027840,3,"p_hw_",20.2065762246351,1998
23027840,3,"p_hw_",20.1084760970005,1999
23027840,3,"p_hw_",20.1676550048822,2000
23027840,3,"p_hw_",23.7902338967349,2001
23027840,3,"p_hw_",24.3900927812043,2002
23027840,3,"p_hw_",24.427311585944,2003
23027840,3,"p_hw_",24.4594178043007,2004
23027840,3,"p_hw_",25.0939528684675,2005
23027840,3,"p_hw_",25.2642992048097,2006
23027840,3,"p_hw_",25.474050298286,2007
23027840,3,"p_hw_",25.6119797725422,2008
23027840,3,"p_hw_",25.7563400109336,2009
23027840,3,"p_hw_",26.4124668930041,2010
23027840,3,"p_hw_",17.5916425984409,2011
23027840,3,"p_hw_",17.5727328794829,2012
23027840,3,"p_hw_",17.5952449985052,2013
23027840,3,"p_hw_",17.6780975799893,2014
23027840,3,"p_hw_",17.7957436825912,2015
23027840,3,"p_hw_",18.0027313543398,2016
23027840,3,"p_hw_",18.2168444380064,2017
23027840,3,"pctimpslphigh",0.25,2001
23027840,3,"pctimpslphigh",0.25,2004
23027840,3,"pctimpslphigh",0.25,2006
23027840,3,"pctimpslphigh",0.25,2008
23027840,3,"pctimpslphigh",0.25,2011
23027840,3,"pctimpslphigh",0.25,2013
23027840,3,"pctimpslphigh",0.25,2016
23027840,3,"pctimpslphigh",0.26,2019
23027840,3,"pctcrop",0,2016
23027840,3,"pcthay",0,2016
23027840,3,"pcturbhi",0,2016
23027840,3,"pcturblo",0.32,2016
23027840,3,"pcturbmd",0.08,2016
23027840,3,"pcturbop",4.11,2016
23027840,3,"pctundsev",0,2003
23027840,3,"pctlowsev",0,2003
23027840,3,"pctmodsev",0,2003
23027840,3,"pcthighsev",0,2003
23027840,3,"pctlowsev",0,1993
23027840,3,"pctmodsev",0,1993
23027840,3,"pcthighsev",0,1993
23027840,3,"pctundsev",0,1993
23027840,3,"pctundsev",0,2005
23027840,3,"pctlowsev",0,2005
23027840,3,"pctmodsev",0,2005
23027840,3,"pcthighsev",0,2005
23027840,3,"pctundsev",0,2014
23027840,3,"pctlowsev",0,2014
23027840,3,"pctmodsev",0,2014
23027840,3,"pcthighsev",0,2014
23027840,3,"pctagslpmid",0,2004
23027840,3,"pctagslphigh",0,2004
23027840,3,"pctagslpmid",0,2008
23027840,3,"pctagslphigh",0,2008
23027840,3,"pctundsev",0,1984
23027840,3,"pctlowsev",0,1984
23027840,3,"pctmodsev",0,1984
23027840,3,"pcthighsev",0,1984
23027840,3,"pctundsev",0,1986
23027840,3,"pctlowsev",0,1986
23027840,3,"pctmodsev",0,1986
23027840,3,"pcthighsev",0,1986
23027840,3,"pctundsev",0,1989
23027840,3,"pctlowsev",0,1989
23027840,3,"pctmodsev",0,1989
23027840,3,"pcthighsev",0,1989
23027840,3,"pctundsev",0,1994
23027840,3,"pctlowsev",0,1994
23027840,3,"pctmodsev",0,1994
23027840,3,"pcthighsev",0,1994
23027840,3,"pctundsev",0,1997
23027840,3,"pctlowsev",0,1997
23027840,3,"pctmodsev",0,1997
23027840,3,"pcthighsev",0,1997
23027840,3,"pctundsev",0,2000
23027840,3,"pctlowsev",0,2000
23027840,3,"pctmodsev",0,2000
23027840,3,"pcthighsev",0,2000
23027840,3,"pctundsev",0,2001
23027840,3,"pctlowsev",0,2001
23027840,3,"pctmodsev",0,2001
23027840,3,"pcthighsev",0,2001
23027840,3,"pctundsev",0,2009
23027840,3,"pctlowsev",0,2009
23027840,3,"pctmodsev",0,2009
23027840,3,"pcthighsev",0,2009
23027840,3,"pctundsev",0,2012
23027840,3,"pctlowsev",0,2012
23027840,3,"pctmodsev",0,2012
23027840,3,"pcthighsev",0,2012
23027840,3,"pctundsev",0,2015
23027840,3,"pctlowsev",0,2015
23027840,3,"pctmodsev",0,2015
23027840,3,"pcthighsev",0,2015
23027840,3,"pctagslpmid",0,2011
23027840,3,"pctagslphigh",0,2011
23027840,3,"pctcrop",0,2013
23027840,3,"pcthay",0,2013
23027840,3,"pcturbhi",0,2013
23027840,3,"pcturblo",0.32,2013
23027840,3,"pcturbmd",0.08,2013
23027840,3,"pcturbop",4.11,2013
23027840,3,"pctundsev",0,1985
23027840,3,"pctlowsev",0,1985
23027840,3,"pctmodsev",0,1985
23027840,3,"pcthighsev",0,1985
23027840,3,"pctundsev",0,1987
23027840,3,"pctlowsev",0,1987
23027840,3,"pctmodsev",0,1987
23027840,3,"pcthighsev",0,1987
23027840,3,"pctundsev",0,1988
23027840,3,"pctlowsev",0,1988
23027840,3,"pctmodsev",0,1988
23027840,3,"pcthighsev",0,1988
23027840,3,"pctundsev",0,1990
23027840,3,"pctlowsev",0,1990
23027840,3,"pctmodsev",0,1990
23027840,3,"pcthighsev",0,1990
23027840,3,"pctundsev",0,1995
23027840,3,"pctlowsev",0,1995
23027840,3,"pctmodsev",0,1995
23027840,3,"pcthighsev",0,1995
23027840,3,"pctundsev",0,1999
23027840,3,"pctlowsev",0,1999
23027840,3,"pctmodsev",0,1999
23027840,3,"pcthighsev",0,1999
23027840,3,"pctundsev",0,2002
23027840,3,"pctlowsev",0,2002
23027840,3,"pctmodsev",0,2002
23027840,3,"pcthighsev",0,2002
23027840,3,"pctundsev",0,2007
23027840,3,"pctlowsev",0,2007
23027840,3,"pctmodsev",0,2007
23027840,3,"pcthighsev",0,2007
23027840,3,"pctundsev",0,2008
23027840,3,"pctlowsev",0,2008
23027840,3,"pctmodsev",0,2008
23027840,3,"pcthighsev",0,2008
23027840,3,"pctundsev",0,2010
23027840,3,"pctlowsev",0,2010
23027840,3,"pctmodsev",0,2010
23027840,3,"pcthighsev",0,2010
23027840,3,"pctundsev",0,2011
23027840,3,"pctlowsev",0,2011
23027840,3,"pctmodsev",0,2011
23027840,3,"pcthighsev",0,2011
23027840,3,"wwtpmajordens",0,NA
23027840,3,"wwtpminordens",0,NA
23027840,3,"wwtpalldens",0,NA
23027840,3,"coalminedens",0,NA
23027840,3,"npdesdens",0,NA
23027840,3,"tridens",0,NA
23027840,3,"superfunddens",0,NA
23027840,3,"pctimp",0.31,2001
23027840,3,"pctimp",0.31,2004
23027840,3,"pctimp",0.31,2006
23027840,3,"pctimp",0.31,2008
23027840,3,"pctimp",0.31,2011
23027840,3,"pctimp",0.31,2013
23027840,3,"pctimp",0.31,2016
23027840,3,"pctimp",0.32,2019
23027840,3,"pctcrop",0,2008
23027840,3,"pcthay",0,2008
23027840,3,"pcturbhi",0,2008
23027840,3,"pcturblo",0.32,2008
23027840,3,"pcturbmd",0.08,2008
23027840,3,"pcturbop",4.11,2008
23027840,3,"pctcrop",0,2019
23027840,3,"pcthay",0,2019
23027840,3,"pcturbhi",0,2019
23027840,3,"pcturblo",0.32,2019
23027840,3,"pcturbmd",0.1,2019
23027840,3,"pcturbop",4.1,2019
23027840,3,"pctundsev",0,1996
23027840,3,"pctlowsev",0,1996
23027840,3,"pctmodsev",0,1996
23027840,3,"pcthighsev",0,1996
23027840,3,"pctundsev",0,2013
23027840,3,"pctlowsev",0,2013
23027840,3,"pctmodsev",0,2013
23027840,3,"pcthighsev",0,2013
23027840,3,"pcturblo",0.32,2001
23027840,3,"pcturbhi",0,2001
23027840,3,"pcturbop",4.11,2001
23027840,3,"pctcrop",0,2001
23027840,3,"pcturbmd",0.08,2001
23027840,3,"pcthay",0,2001
23027840,3,"pctcrop",0,2006
23027840,3,"pcthay",0,2006
23027840,3,"pcturbop",4.11,2006
23027840,3,"pcturbhi",0,2006
23027840,3,"pcturbmd",0.08,2006
23027840,3,"pcturblo",0.32,2006
23027840,3,"pcthay",0,2011
23027840,3,"pcturbmd",0.08,2011
23027840,3,"pcturbop",4.11,2011
23027840,3,"pcturbhi",0,2011
23027840,3,"pctcrop",0,2011
23027840,3,"pcturblo",0.32,2011
23027840,3,"rddens",1.5351,NA
23027840,3,"rdcrsslpwtd",0.1408,NA
23027840,3,"rdcrs",0.0223,NA
23027840,3,"popden2010",10.006666968289,NA
23027840,3,"pctimpslpmid",0.3,2001
23027840,3,"pctimpslpmid",0.3,2004
23027840,3,"pctimpslpmid",0.3,2006
23027840,3,"pctimpslpmid",0.3,2008
23027840,3,"pctimpslpmid",0.3,2011
23027840,3,"pctimpslpmid",0.3,2013
23027840,3,"pctimpslpmid",0.3,2016
23027840,3,"pctimpslpmid",0.31,2019
23027840,3,"pctcrop",0,2004
23027840,3,"pcthay",0,2004
23027840,3,"pcturbhi",0,2004
23027840,3,"pcturblo",0.32,2004
23027840,3,"pcturbmd",0.08,2004
23027840,3,"pcturbop",4.11,2004
23027840,3,"pctburnarea",0,1984
23027840,3,"pctburnarea",0,1985
23027840,3,"pctburnarea",0,1986
23027840,3,"pctburnarea",0,1987
23027840,3,"pctburnarea",0,1988
23027840,3,"pctburnarea",0,1989
23027840,3,"pctburnarea",0,1990
23027840,3,"pctburnarea",0,1991
23027840,3,"pctburnarea",0,1992
23027840,3,"pctburnarea",0,1993
23027840,3,"pctburnarea",0,1994
23027840,3,"pctburnarea",0,1995
23027840,3,"pctburnarea",0,1996
23027840,3,"pctburnarea",0,1997
23027840,3,"pctburnarea",0,1998
23027840,3,"pctburnarea",0,1999
23027840,3,"pctburnarea",0,2000
23027840,3,"pctburnarea",0,2001
23027840,3,"pctburnarea",0,2002
23027840,3,"pctburnarea",0,2003
23027840,3,"pctburnarea",0,2004
23027840,3,"pctburnarea",0,2005
23027840,3,"pctburnarea",0,2006
23027840,3,"pctburnarea",0,2007
23027840,3,"pctburnarea",0,2008
23027840,3,"pctburnarea",0,2009
23027840,3,"pctburnarea",0,2010
23027840,3,"pctburnarea",0,2011
23027840,3,"pctburnarea",0,2012
23027840,3,"pctburnarea",0,2013
23027840,3,"pctburnarea",0,2014
23027840,3,"pctburnarea",0,2015
23027840,3,"pctburnarea",0,2016
23027840,3,"pctburnarea",0,2017
23027840,3,"pctburnarea",0,2018
23027840,3,"pctundsev",0,1991
23027840,3,"pctlowsev",0,1991
23027840,3,"pctmodsev",0,1991
23027840,3,"pcthighsev",0,1991
23027840,3,"pctundsev",0,1992
23027840,3,"pctlowsev",0,1992
23027840,3,"pctmodsev",0,1992
23027840,3,"pcthighsev",0,1992
23027840,3,"pctundsev",0,1998
23027840,3,"pctlowsev",0,1998
23027840,3,"pctmodsev",0,1998
23027840,3,"pcthighsev",0,1998
23027840,3,"pctundsev",0,2004
23027840,3,"pctlowsev",0,2004
23027840,3,"pctmodsev",0,2004
23027840,3,"pcthighsev",0,2004
23027840,3,"pctundsev",0,2006
23027840,3,"pctlowsev",0,2006
23027840,3,"pctmodsev",0,2006
23027840,3,"pcthighsev",0,2006
23027840,3,"pctundsev",0,2016
23027840,3,"pctlowsev",0,2016
23027840,3,"pctmodsev",0,2016
23027840,3,"pcthighsev",0,2016
23027840,3,"pctundsev",0,2017
23027840,3,"pctlowsev",0,2017
23027840,3,"pctmodsev",0,2017
23027840,3,"pcthighsev",0,2017
23027840,3,"pctundsev",0,2018
23027840,3,"pctlowsev",0,2018
23027840,3,"pctmodsev",0,2018
23027840,3,"pcthighsev",0,2018
23027840,3,"pctagslpmid",0,2001
23027840,3,"pctagslphigh",0,2001
23027840,3,"pctagslpmid",0,2006
23027840,3,"pctagslphigh",0,2006
23027840,3,"pctagslpmid",0,2013
23027840,3,"pctagslphigh",0,2013
23027840,3,"pctagslpmid",0,2016
23027840,3,"pctagslphigh",0,2016
23027840,3,"pctagslpmid",0,2019
23027840,3,"pctagslphigh",0,2019
