StationID,RespSampleID,RespSampleDate,TaxonID,NumIndividuals,RelAbund
BIO06600_BURP15,BIO06600_BURP15_DCE_2011_0707_09_30,7/7/2011,Atractides,2,0.004
BIO06600_BURP15,BIO06600_BURP15_DCE_2011_0707_09_30,7/7/2011,Baetis bicaudatus,2,0.004
BIO06600_BURP15,BIO06600_BURP15_DCE_2011_0707_09_30,7/7/2011,Baetis tricaudatus,63,0.126
BIO06600_BURP15,BIO06600_BURP15_DCE_2011_0707_09_30,7/7/2011,Brillia,9,0.018
BIO06600_BURP15,BIO06600_BURP15_DCE_2011_0707_09_30,7/7/2011,Cinygmula,2,0.004
BIO06600_BURP15,BIO06600_BURP15_DCE_2011_0707_09_30,7/7/2011,Cleptelmis addenda,2,0.004
BIO06600_BURP15,BIO06600_BURP15_DCE_2011_0707_09_30,7/7/2011,Cricotopus,1,0.002
BIO06600_BURP15,BIO06600_BURP15_DCE_2011_0707_09_30,7/7/2011,Diphetor hageni,1,0.002
BIO06600_BURP15,BIO06600_BURP15_DCE_2011_0707_09_30,7/7/2011,Drunella coloradensis,5,0.01
BIO06600_BURP15,BIO06600_BURP15_DCE_2011_0707_09_30,7/7/2011,Drunella doddsii,6,0.012
BIO06600_BURP15,BIO06600_BURP15_DCE_2011_0707_09_30,7/7/2011,Drunella spinifera,2,0.004
BIO06600_BURP15,BIO06600_BURP15_DCE_2011_0707_09_30,7/7/2011,Epeorus,12,0.024
BIO06600_BURP15,BIO06600_BURP15_DCE_2011_0707_09_30,7/7/2011,Ephemerella tibialis,31,0.062
BIO06600_BURP15,BIO06600_BURP15_DCE_2011_0707_09_30,7/7/2011,Eukiefferiella,8,0.016
BIO06600_BURP15,BIO06600_BURP15_DCE_2011_0707_09_30,7/7/2011,Fridericia,1,0.002
BIO06600_BURP15,BIO06600_BURP15_DCE_2011_0707_09_30,7/7/2011,Glutops,1,0.002
BIO06600_BURP15,BIO06600_BURP15_DCE_2011_0707_09_30,7/7/2011,Helodon,28,0.056
BIO06600_BURP15,BIO06600_BURP15_DCE_2011_0707_09_30,7/7/2011,Heterlimnius corpulentus,24,0.048
BIO06600_BURP15,BIO06600_BURP15_DCE_2011_0707_09_30,7/7/2011,Ironodes,13,0.026
BIO06600_BURP15,BIO06600_BURP15_DCE_2011_0707_09_30,7/7/2011,Lara,1,0.002
BIO06600_BURP15,BIO06600_BURP15_DCE_2011_0707_09_30,7/7/2011,Lebertia,3,0.006
BIO06600_BURP15,BIO06600_BURP15_DCE_2011_0707_09_30,7/7/2011,Lepidostoma,1,0.002
BIO06600_BURP15,BIO06600_BURP15_DCE_2011_0707_09_30,7/7/2011,Megarcys,5,0.01
BIO06600_BURP15,BIO06600_BURP15_DCE_2011_0707_09_30,7/7/2011,Mesenchytraeus,2,0.004
BIO06600_BURP15,BIO06600_BURP15_DCE_2011_0707_09_30,7/7/2011,Micrasema,4,0.008
BIO06600_BURP15,BIO06600_BURP15_DCE_2011_0707_09_30,7/7/2011,Micropsectra,138,0.276
BIO06600_BURP15,BIO06600_BURP15_DCE_2011_0707_09_30,7/7/2011,Nematoda,1,0.002
BIO06600_BURP15,BIO06600_BURP15_DCE_2011_0707_09_30,7/7/2011,Neophylax,7,0.014
BIO06600_BURP15,BIO06600_BURP15_DCE_2011_0707_09_30,7/7/2011,Neothremma,35,0.07
BIO06600_BURP15,BIO06600_BURP15_DCE_2011_0707_09_30,7/7/2011,Orthocladius,6,0.012
BIO06600_BURP15,BIO06600_BURP15_DCE_2011_0707_09_30,7/7/2011,Ostracoda,4,0.008
BIO06600_BURP15,BIO06600_BURP15_DCE_2011_0707_09_30,7/7/2011,Pagastia,3,0.006
BIO06600_BURP15,BIO06600_BURP15_DCE_2011_0707_09_30,7/7/2011,Parapsyche elsis,1,0.002
BIO06600_BURP15,BIO06600_BURP15_DCE_2011_0707_09_30,7/7/2011,Polycelis,4,0.008
BIO06600_BURP15,BIO06600_BURP15_DCE_2011_0707_09_30,7/7/2011,Rheotanytarsus,14,0.028
BIO06600_BURP15,BIO06600_BURP15_DCE_2011_0707_09_30,7/7/2011,Rhyacophila alberta Group,2,0.004
BIO06600_BURP15,BIO06600_BURP15_DCE_2011_0707_09_30,7/7/2011,Rhyacophila angelita Group,1,0.002
BIO06600_BURP15,BIO06600_BURP15_DCE_2011_0707_09_30,7/7/2011,Rhyacophila brunnea/vemna Group,1,0.002
BIO06600_BURP15,BIO06600_BURP15_DCE_2011_0707_09_30,7/7/2011,Rhyacophila hyalinata,1,0.002
BIO06600_BURP15,BIO06600_BURP15_DCE_2011_0707_09_30,7/7/2011,Rhyacophila valuma,4,0.008
BIO06600_BURP15,BIO06600_BURP15_DCE_2011_0707_09_30,7/7/2011,Rhyacophila verrula,2,0.004
BIO06600_BURP15,BIO06600_BURP15_DCE_2011_0707_09_30,7/7/2011,Sperchon,2,0.004
BIO06600_BURP15,BIO06600_BURP15_DCE_2011_0707_09_30,7/7/2011,Suwallia,5,0.01
BIO06600_BURP15,BIO06600_BURP15_DCE_2011_0707_09_30,7/7/2011,Sweltsa,5,0.01
BIO06600_BURP15,BIO06600_BURP15_DCE_2011_0707_09_30,7/7/2011,Testudacarus,1,0.002
BIO06600_BURP15,BIO06600_BURP15_DCE_2011_0707_09_30,7/7/2011,Thienemanniella,5,0.01
BIO06600_BURP15,BIO06600_BURP15_DCE_2011_0707_09_30,7/7/2011,Thienemannimyia Group,1,0.002
BIO06600_BURP15,BIO06600_BURP15_DCE_2011_0707_09_30,7/7/2011,Visoka cataractae,4,0.008
BIO06600_BURP15,BIO06600_BURP15_DCE_2011_0707_09_30,7/7/2011,Yoraperla,15,0.03
BIO06600_BURP15,BIO06600_BURP15_DCE_2011_0707_09_30,7/7/2011,Zapada columbiana,9,0.018
BIO06600_BURP15,BIO06600_BURP15_DCE_2011_0920_08_50,9/20/2011,Ameletus,7,0.014
BIO06600_BURP15,BIO06600_BURP15_DCE_2011_0920_08_50,9/20/2011,Atractides,2,0.004
BIO06600_BURP15,BIO06600_BURP15_DCE_2011_0920_08_50,9/20/2011,Baetis tricaudatus,57,0.114
BIO06600_BURP15,BIO06600_BURP15_DCE_2011_0920_08_50,9/20/2011,Brillia,5,0.01
BIO06600_BURP15,BIO06600_BURP15_DCE_2011_0920_08_50,9/20/2011,Cardiocladius,1,0.002
BIO06600_BURP15,BIO06600_BURP15_DCE_2011_0920_08_50,9/20/2011,Ceratopogoninae,1,0.002
BIO06600_BURP15,BIO06600_BURP15_DCE_2011_0920_08_50,9/20/2011,Cinygmula,5,0.01
BIO06600_BURP15,BIO06600_BURP15_DCE_2011_0920_08_50,9/20/2011,Corynoneura,1,0.002
BIO06600_BURP15,BIO06600_BURP15_DCE_2011_0920_08_50,9/20/2011,Dicranota,4,0.008
BIO06600_BURP15,BIO06600_BURP15_DCE_2011_0920_08_50,9/20/2011,Dolophilodes,3,0.006
BIO06600_BURP15,BIO06600_BURP15_DCE_2011_0920_08_50,9/20/2011,Doroneuria,10,0.02
BIO06600_BURP15,BIO06600_BURP15_DCE_2011_0920_08_50,9/20/2011,Drunella doddsii,14,0.028
BIO06600_BURP15,BIO06600_BURP15_DCE_2011_0920_08_50,9/20/2011,Drunella spinifera,8,0.016
BIO06600_BURP15,BIO06600_BURP15_DCE_2011_0920_08_50,9/20/2011,Ecclisomyia,4,0.008
BIO06600_BURP15,BIO06600_BURP15_DCE_2011_0920_08_50,9/20/2011,Ephemerella dorothea,33,0.066
BIO06600_BURP15,BIO06600_BURP15_DCE_2011_0920_08_50,9/20/2011,Eukiefferiella,3,0.006
BIO06600_BURP15,BIO06600_BURP15_DCE_2011_0920_08_50,9/20/2011,Glossosoma,29,0.058
BIO06600_BURP15,BIO06600_BURP15_DCE_2011_0920_08_50,9/20/2011,Glutops,1,0.002
BIO06600_BURP15,BIO06600_BURP15_DCE_2011_0920_08_50,9/20/2011,Heterlimnius corpulentus,79,0.158
BIO06600_BURP15,BIO06600_BURP15_DCE_2011_0920_08_50,9/20/2011,Ironodes,3,0.006
BIO06600_BURP15,BIO06600_BURP15_DCE_2011_0920_08_50,9/20/2011,Lebertia,1,0.002
BIO06600_BURP15,BIO06600_BURP15_DCE_2011_0920_08_50,9/20/2011,Lepidostoma,4,0.008
BIO06600_BURP15,BIO06600_BURP15_DCE_2011_0920_08_50,9/20/2011,Leuctridae,1,0.002
BIO06600_BURP15,BIO06600_BURP15_DCE_2011_0920_08_50,9/20/2011,Limnophyes,1,0.002
BIO06600_BURP15,BIO06600_BURP15_DCE_2011_0920_08_50,9/20/2011,Lumbriculidae,1,0.002
BIO06600_BURP15,BIO06600_BURP15_DCE_2011_0920_08_50,9/20/2011,Megarcys,1,0.002
BIO06600_BURP15,BIO06600_BURP15_DCE_2011_0920_08_50,9/20/2011,Mesenchytraeus,60,0.12
BIO06600_BURP15,BIO06600_BURP15_DCE_2011_0920_08_50,9/20/2011,Micrasema,6,0.012
BIO06600_BURP15,BIO06600_BURP15_DCE_2011_0920_08_50,9/20/2011,Micropsectra,9,0.018
BIO06600_BURP15,BIO06600_BURP15_DCE_2011_0920_08_50,9/20/2011,Neothremma,34,0.068
BIO06600_BURP15,BIO06600_BURP15_DCE_2011_0920_08_50,9/20/2011,Ostracoda,3,0.006
BIO06600_BURP15,BIO06600_BURP15_DCE_2011_0920_08_50,9/20/2011,Pagastia,5,0.01
BIO06600_BURP15,BIO06600_BURP15_DCE_2011_0920_08_50,9/20/2011,Paraleptophlebia,2,0.004
BIO06600_BURP15,BIO06600_BURP15_DCE_2011_0920_08_50,9/20/2011,Paraperlinae,1,0.002
BIO06600_BURP15,BIO06600_BURP15_DCE_2011_0920_08_50,9/20/2011,Parapsyche elsis,6,0.012
BIO06600_BURP15,BIO06600_BURP15_DCE_2011_0920_08_50,9/20/2011,Polycelis,6,0.012
BIO06600_BURP15,BIO06600_BURP15_DCE_2011_0920_08_50,9/20/2011,Rheotanytarsus,2,0.004
BIO06600_BURP15,BIO06600_BURP15_DCE_2011_0920_08_50,9/20/2011,Rhyacophila betteni Group,5,0.01
BIO06600_BURP15,BIO06600_BURP15_DCE_2011_0920_08_50,9/20/2011,Rhyacophila brunnea/vemna Group,3,0.006
BIO06600_BURP15,BIO06600_BURP15_DCE_2011_0920_08_50,9/20/2011,Rhyacophila narvae,3,0.006
BIO06600_BURP15,BIO06600_BURP15_DCE_2011_0920_08_50,9/20/2011,Rhyacophila valuma,2,0.004
BIO06600_BURP15,BIO06600_BURP15_DCE_2011_0920_08_50,9/20/2011,Rhyacophila vofixa Group,2,0.004
BIO06600_BURP15,BIO06600_BURP15_DCE_2011_0920_08_50,9/20/2011,Sperchon,1,0.002
BIO06600_BURP15,BIO06600_BURP15_DCE_2011_0920_08_50,9/20/2011,Stempellinella,5,0.01
BIO06600_BURP15,BIO06600_BURP15_DCE_2011_0920_08_50,9/20/2011,Sweltsa,33,0.066
BIO06600_BURP15,BIO06600_BURP15_DCE_2011_0920_08_50,9/20/2011,Tipula,1,0.002
BIO06600_BURP15,BIO06600_BURP15_DCE_2011_0920_08_50,9/20/2011,Torrenticola,2,0.004
BIO06600_BURP15,BIO06600_BURP15_DCE_2011_0920_08_50,9/20/2011,Tvetenia bavarica Group,3,0.006
BIO06600_BURP15,BIO06600_BURP15_DCE_2011_0920_08_50,9/20/2011,Visoka cataractae,4,0.008
BIO06600_BURP15,BIO06600_BURP15_DCE_2011_0920_08_50,9/20/2011,Yoraperla,21,0.042
BIO06600_BURP15,BIO06600_BURP15_DCE_2011_0920_08_50,9/20/2011,Zapada cinctipes,1,0.002
BIO06600_BURP15,BIO06600_BURP15_DCE_2011_0920_08_50,9/20/2011,Zapada columbiana,1,0.002
BIO06600_BURP15,BIO06600_BURP15_DCE_2014_0722_09_18,7/22/2014,Ameletus,1,0.002
BIO06600_BURP15,BIO06600_BURP15_DCE_2014_0722_09_18,7/22/2014,Baetis tricaudatus Group,14,0.028
BIO06600_BURP15,BIO06600_BURP15_DCE_2014_0722_09_18,7/22/2014,Brachycentridae,1,0.002
BIO06600_BURP15,BIO06600_BURP15_DCE_2014_0722_09_18,7/22/2014,Brillia,6,0.012
BIO06600_BURP15,BIO06600_BURP15_DCE_2014_0722_09_18,7/22/2014,Caudatella,4,0.008
BIO06600_BURP15,BIO06600_BURP15_DCE_2014_0722_09_18,7/22/2014,Ceratopogoninae,2,0.004
BIO06600_BURP15,BIO06600_BURP15_DCE_2014_0722_09_18,7/22/2014,Chelifera,1,0.002
BIO06600_BURP15,BIO06600_BURP15_DCE_2014_0722_09_18,7/22/2014,Cinygmula,14,0.028
BIO06600_BURP15,BIO06600_BURP15_DCE_2014_0722_09_18,7/22/2014,Cleptelmis addenda,3,0.006
BIO06600_BURP15,BIO06600_BURP15_DCE_2014_0722_09_18,7/22/2014,Diamesa,1,0.002
BIO06600_BURP15,BIO06600_BURP15_DCE_2014_0722_09_18,7/22/2014,Dicranota,2,0.004
BIO06600_BURP15,BIO06600_BURP15_DCE_2014_0722_09_18,7/22/2014,Doroneuria,6,0.012
BIO06600_BURP15,BIO06600_BURP15_DCE_2014_0722_09_18,7/22/2014,Drunella coloradensis,20,0.04
BIO06600_BURP15,BIO06600_BURP15_DCE_2014_0722_09_18,7/22/2014,Drunella doddsii,31,0.062
BIO06600_BURP15,BIO06600_BURP15_DCE_2014_0722_09_18,7/22/2014,Drunella spinifera,4,0.008
BIO06600_BURP15,BIO06600_BURP15_DCE_2014_0722_09_18,7/22/2014,Empididae,3,0.006
BIO06600_BURP15,BIO06600_BURP15_DCE_2014_0722_09_18,7/22/2014,Epeorus,8,0.016
BIO06600_BURP15,BIO06600_BURP15_DCE_2014_0722_09_18,7/22/2014,Eukiefferiella,4,0.008
BIO06600_BURP15,BIO06600_BURP15_DCE_2014_0722_09_18,7/22/2014,Forcipomyiinae,1,0.002
BIO06600_BURP15,BIO06600_BURP15_DCE_2014_0722_09_18,7/22/2014,Glossosoma,2,0.004
BIO06600_BURP15,BIO06600_BURP15_DCE_2014_0722_09_18,7/22/2014,Glossosomatidae,3,0.006
BIO06600_BURP15,BIO06600_BURP15_DCE_2014_0722_09_18,7/22/2014,Glutops,5,0.01
BIO06600_BURP15,BIO06600_BURP15_DCE_2014_0722_09_18,7/22/2014,Helicopsyche,2,0.004
BIO06600_BURP15,BIO06600_BURP15_DCE_2014_0722_09_18,7/22/2014,Heterlimnius corpulentus,85,0.17
BIO06600_BURP15,BIO06600_BURP15_DCE_2014_0722_09_18,7/22/2014,Ironodes,2,0.004
BIO06600_BURP15,BIO06600_BURP15_DCE_2014_0722_09_18,7/22/2014,Kogotus,1,0.002
BIO06600_BURP15,BIO06600_BURP15_DCE_2014_0722_09_18,7/22/2014,Lebertia,2,0.004
BIO06600_BURP15,BIO06600_BURP15_DCE_2014_0722_09_18,7/22/2014,Lepidostoma,4,0.008
BIO06600_BURP15,BIO06600_BURP15_DCE_2014_0722_09_18,7/22/2014,Limnephilidae,7,0.014
BIO06600_BURP15,BIO06600_BURP15_DCE_2014_0722_09_18,7/22/2014,Limnophila,1,0.002
BIO06600_BURP15,BIO06600_BURP15_DCE_2014_0722_09_18,7/22/2014,Megarcys,11,0.022
BIO06600_BURP15,BIO06600_BURP15_DCE_2014_0722_09_18,7/22/2014,Mesenchytraeus,3,0.006
BIO06600_BURP15,BIO06600_BURP15_DCE_2014_0722_09_18,7/22/2014,Micrasema,51,0.102
BIO06600_BURP15,BIO06600_BURP15_DCE_2014_0722_09_18,7/22/2014,Micropsectra,7,0.014
BIO06600_BURP15,BIO06600_BURP15_DCE_2014_0722_09_18,7/22/2014,Monatractides,4,0.008
BIO06600_BURP15,BIO06600_BURP15_DCE_2014_0722_09_18,7/22/2014,Narpus concolor,2,0.004
BIO06600_BURP15,BIO06600_BURP15_DCE_2014_0722_09_18,7/22/2014,Neothremma,6,0.012
BIO06600_BURP15,BIO06600_BURP15_DCE_2014_0722_09_18,7/22/2014,Optioservus,1,0.002
BIO06600_BURP15,BIO06600_BURP15_DCE_2014_0722_09_18,7/22/2014,Orthocladiinae,1,0.002
BIO06600_BURP15,BIO06600_BURP15_DCE_2014_0722_09_18,7/22/2014,Orthocladius,10,0.02
BIO06600_BURP15,BIO06600_BURP15_DCE_2014_0722_09_18,7/22/2014,Orthocladius lignicola,1,0.002
BIO06600_BURP15,BIO06600_BURP15_DCE_2014_0722_09_18,7/22/2014,Pagastia,5,0.01
BIO06600_BURP15,BIO06600_BURP15_DCE_2014_0722_09_18,7/22/2014,Parametriocnemus,1,0.002
BIO06600_BURP15,BIO06600_BURP15_DCE_2014_0722_09_18,7/22/2014,Paraperla,2,0.004
BIO06600_BURP15,BIO06600_BURP15_DCE_2014_0722_09_18,7/22/2014,Perlodidae,1,0.002
BIO06600_BURP15,BIO06600_BURP15_DCE_2014_0722_09_18,7/22/2014,Polycelis,5,0.01
BIO06600_BURP15,BIO06600_BURP15_DCE_2014_0722_09_18,7/22/2014,Rhabdomastix fascigera Group,1,0.002
BIO06600_BURP15,BIO06600_BURP15_DCE_2014_0722_09_18,7/22/2014,Rheotanytarsus,63,0.126
BIO06600_BURP15,BIO06600_BURP15_DCE_2014_0722_09_18,7/22/2014,Rhyacophila angelita Group,2,0.004
BIO06600_BURP15,BIO06600_BURP15_DCE_2014_0722_09_18,7/22/2014,Rhyacophila atrata Group,1,0.002
BIO06600_BURP15,BIO06600_BURP15_DCE_2014_0722_09_18,7/22/2014,Rhyacophila betteni Group,9,0.018
BIO06600_BURP15,BIO06600_BURP15_DCE_2014_0722_09_18,7/22/2014,Rhyacophila brunnea/vemna Group,4,0.008
BIO06600_BURP15,BIO06600_BURP15_DCE_2014_0722_09_18,7/22/2014,Rhyacophila narvae,7,0.014
BIO06600_BURP15,BIO06600_BURP15_DCE_2014_0722_09_18,7/22/2014,Rhyacophila vofixa Group,1,0.002
BIO06600_BURP15,BIO06600_BURP15_DCE_2014_0722_09_18,7/22/2014,Serratella tibialis,27,0.054
BIO06600_BURP15,BIO06600_BURP15_DCE_2014_0722_09_18,7/22/2014,Sperchon,4,0.008
BIO06600_BURP15,BIO06600_BURP15_DCE_2014_0722_09_18,7/22/2014,Sphaeriidae,2,0.004
BIO06600_BURP15,BIO06600_BURP15_DCE_2014_0722_09_18,7/22/2014,Sweltsa,8,0.016
BIO06600_BURP15,BIO06600_BURP15_DCE_2014_0722_09_18,7/22/2014,Tanypodinae,1,0.002
BIO06600_BURP15,BIO06600_BURP15_DCE_2014_0722_09_18,7/22/2014,Thienemannimyia Group,1,0.002
BIO06600_BURP15,BIO06600_BURP15_DCE_2014_0722_09_18,7/22/2014,Uenoidae,8,0.016
BIO06600_BURP15,BIO06600_BURP15_DCE_2014_0722_09_18,7/22/2014,Visoka cataractae,4,0.008
BIO06600_BURP15,BIO06600_BURP15_DCE_2014_0722_09_18,7/22/2014,Yoraperla,6,0.012
BIO06600_BURP15,BIO06600_BURP15_DCE_2016_0916_08_39,9/16/2016,Ameletus,6,0.012
BIO06600_BURP15,BIO06600_BURP15_DCE_2016_0916_08_39,9/16/2016,Baetis tricaudatus complex,52,0.104
BIO06600_BURP15,BIO06600_BURP15_DCE_2016_0916_08_39,9/16/2016,Brillia,5,0.01
BIO06600_BURP15,BIO06600_BURP15_DCE_2016_0916_08_39,9/16/2016,Caudatella,2,0.004
BIO06600_BURP15,BIO06600_BURP15_DCE_2016_0916_08_39,9/16/2016,Ceratopogoninae,4,0.008
BIO06600_BURP15,BIO06600_BURP15_DCE_2016_0916_08_39,9/16/2016,Chloroperlidae,1,0.002
BIO06600_BURP15,BIO06600_BURP15_DCE_2016_0916_08_39,9/16/2016,Cinygma,1,0.002
BIO06600_BURP15,BIO06600_BURP15_DCE_2016_0916_08_39,9/16/2016,Cinygmula,23,0.046
BIO06600_BURP15,BIO06600_BURP15_DCE_2016_0916_08_39,9/16/2016,Cleptelmis addenda,2,0.004
BIO06600_BURP15,BIO06600_BURP15_DCE_2016_0916_08_39,9/16/2016,Dolophilodes,5,0.01
BIO06600_BURP15,BIO06600_BURP15_DCE_2016_0916_08_39,9/16/2016,Doroneuria,16,0.032
BIO06600_BURP15,BIO06600_BURP15_DCE_2016_0916_08_39,9/16/2016,Drunella,4,0.008
BIO06600_BURP15,BIO06600_BURP15_DCE_2016_0916_08_39,9/16/2016,Drunella doddsii,29,0.058
BIO06600_BURP15,BIO06600_BURP15_DCE_2016_0916_08_39,9/16/2016,Ephemerella,10,0.02
BIO06600_BURP15,BIO06600_BURP15_DCE_2016_0916_08_39,9/16/2016,Eukiefferiella,4,0.008
BIO06600_BURP15,BIO06600_BURP15_DCE_2016_0916_08_39,9/16/2016,Glossosoma,27,0.054
BIO06600_BURP15,BIO06600_BURP15_DCE_2016_0916_08_39,9/16/2016,Glutops,7,0.014
BIO06600_BURP15,BIO06600_BURP15_DCE_2016_0916_08_39,9/16/2016,Heleniella,3,0.006
BIO06600_BURP15,BIO06600_BURP15_DCE_2016_0916_08_39,9/16/2016,Hemerodromia,1,0.002
BIO06600_BURP15,BIO06600_BURP15_DCE_2016_0916_08_39,9/16/2016,Heterlimnius corpulentus,85,0.17
BIO06600_BURP15,BIO06600_BURP15_DCE_2016_0916_08_39,9/16/2016,Ironodes,1,0.002
BIO06600_BURP15,BIO06600_BURP15_DCE_2016_0916_08_39,9/16/2016,Lebertia,1,0.002
BIO06600_BURP15,BIO06600_BURP15_DCE_2016_0916_08_39,9/16/2016,Lepidostoma,11,0.022
BIO06600_BURP15,BIO06600_BURP15_DCE_2016_0916_08_39,9/16/2016,Leptophlebiidae,1,0.002
BIO06600_BURP15,BIO06600_BURP15_DCE_2016_0916_08_39,9/16/2016,Limnephilidae,1,0.002
BIO06600_BURP15,BIO06600_BURP15_DCE_2016_0916_08_39,9/16/2016,Megarcys,3,0.006
BIO06600_BURP15,BIO06600_BURP15_DCE_2016_0916_08_39,9/16/2016,Mesenchytraeus,30,0.06
BIO06600_BURP15,BIO06600_BURP15_DCE_2016_0916_08_39,9/16/2016,Micrasema,19,0.038
BIO06600_BURP15,BIO06600_BURP15_DCE_2016_0916_08_39,9/16/2016,Micropsectra,9,0.018
BIO06600_BURP15,BIO06600_BURP15_DCE_2016_0916_08_39,9/16/2016,Monatractides,4,0.008
BIO06600_BURP15,BIO06600_BURP15_DCE_2016_0916_08_39,9/16/2016,Narpus concolor,2,0.004
BIO06600_BURP15,BIO06600_BURP15_DCE_2016_0916_08_39,9/16/2016,Nematoda,1,0.002
BIO06600_BURP15,BIO06600_BURP15_DCE_2016_0916_08_39,9/16/2016,Neoplasta,4,0.008
BIO06600_BURP15,BIO06600_BURP15_DCE_2016_0916_08_39,9/16/2016,Neothremma,6,0.012
BIO06600_BURP15,BIO06600_BURP15_DCE_2016_0916_08_39,9/16/2016,Orthocladius lignicola,1,0.002
BIO06600_BURP15,BIO06600_BURP15_DCE_2016_0916_08_39,9/16/2016,Ostracoda,2,0.004
BIO06600_BURP15,BIO06600_BURP15_DCE_2016_0916_08_39,9/16/2016,Pagastia,4,0.008
BIO06600_BURP15,BIO06600_BURP15_DCE_2016_0916_08_39,9/16/2016,Parapsyche,11,0.022
BIO06600_BURP15,BIO06600_BURP15_DCE_2016_0916_08_39,9/16/2016,Parorthocladius,2,0.004
BIO06600_BURP15,BIO06600_BURP15_DCE_2016_0916_08_39,9/16/2016,Pericoma/Telmatoscopus,1,0.002
BIO06600_BURP15,BIO06600_BURP15_DCE_2016_0916_08_39,9/16/2016,Perlodidae,1,0.002
BIO06600_BURP15,BIO06600_BURP15_DCE_2016_0916_08_39,9/16/2016,Polycelis,7,0.014
BIO06600_BURP15,BIO06600_BURP15_DCE_2016_0916_08_39,9/16/2016,Rheocricotopus,1,0.002
BIO06600_BURP15,BIO06600_BURP15_DCE_2016_0916_08_39,9/16/2016,Rheotanytarsus,4,0.008
BIO06600_BURP15,BIO06600_BURP15_DCE_2016_0916_08_39,9/16/2016,Rhithrogena,3,0.006
BIO06600_BURP15,BIO06600_BURP15_DCE_2016_0916_08_39,9/16/2016,Rhyacophila,2,0.004
BIO06600_BURP15,BIO06600_BURP15_DCE_2016_0916_08_39,9/16/2016,Rhyacophila atrata Group,4,0.008
BIO06600_BURP15,BIO06600_BURP15_DCE_2016_0916_08_39,9/16/2016,Rhyacophila betteni Group,8,0.016
BIO06600_BURP15,BIO06600_BURP15_DCE_2016_0916_08_39,9/16/2016,Rhyacophila narvae,2,0.004
BIO06600_BURP15,BIO06600_BURP15_DCE_2016_0916_08_39,9/16/2016,Simulium,1,0.002
BIO06600_BURP15,BIO06600_BURP15_DCE_2016_0916_08_39,9/16/2016,Stempellinella,4,0.008
BIO06600_BURP15,BIO06600_BURP15_DCE_2016_0916_08_39,9/16/2016,Sweltsa,26,0.052
BIO06600_BURP15,BIO06600_BURP15_DCE_2016_0916_08_39,9/16/2016,Tanytarsini,1,0.002
BIO06600_BURP15,BIO06600_BURP15_DCE_2016_0916_08_39,9/16/2016,Thienemanniella,2,0.004
BIO06600_BURP15,BIO06600_BURP15_DCE_2016_0916_08_39,9/16/2016,Tvetenia bavarica Group,7,0.014
BIO06600_BURP15,BIO06600_BURP15_DCE_2016_0916_08_39,9/16/2016,Yoraperla,23,0.046
BIO06600_BURP15,BIO06600_BURP15_DCE_2016_0916_08_39,9/16/2016,Zapada cinctipes,2,0.004
BIO06600_BURP15,BIO06600_BURP15_DCE_2016_0916_08_39,9/16/2016,Zapada oregonensis Group,1,0.002
BIO06600_BURP15,BIO06600_BURP15_DCE_2017_0713_08_30,7/13/2017,Allocosmoecus partitus,1,0.002
BIO06600_BURP15,BIO06600_BURP15_DCE_2017_0713_08_30,7/13/2017,Ameletus,4,0.008
BIO06600_BURP15,BIO06600_BURP15_DCE_2017_0713_08_30,7/13/2017,Baetis tricaudatus complex,30,0.06
BIO06600_BURP15,BIO06600_BURP15_DCE_2017_0713_08_30,7/13/2017,Brillia,5,0.01
BIO06600_BURP15,BIO06600_BURP15_DCE_2017_0713_08_30,7/13/2017,Caudatella,1,0.002
BIO06600_BURP15,BIO06600_BURP15_DCE_2017_0713_08_30,7/13/2017,Cinygmula,4,0.008
BIO06600_BURP15,BIO06600_BURP15_DCE_2017_0713_08_30,7/13/2017,Cricotopus (Cricotopus),1,0.002
BIO06600_BURP15,BIO06600_BURP15_DCE_2017_0713_08_30,7/13/2017,Dicranota,1,0.002
BIO06600_BURP15,BIO06600_BURP15_DCE_2017_0713_08_30,7/13/2017,Doroneuria,5,0.01
BIO06600_BURP15,BIO06600_BURP15_DCE_2017_0713_08_30,7/13/2017,Drunella coloradensis,3,0.006
BIO06600_BURP15,BIO06600_BURP15_DCE_2017_0713_08_30,7/13/2017,Drunella doddsii,29,0.058
BIO06600_BURP15,BIO06600_BURP15_DCE_2017_0713_08_30,7/13/2017,Epeorus,2,0.004
BIO06600_BURP15,BIO06600_BURP15_DCE_2017_0713_08_30,7/13/2017,Ephemerella tibialis,19,0.038
BIO06600_BURP15,BIO06600_BURP15_DCE_2017_0713_08_30,7/13/2017,Eukiefferiella,6,0.012
BIO06600_BURP15,BIO06600_BURP15_DCE_2017_0713_08_30,7/13/2017,Glossosoma,5,0.01
BIO06600_BURP15,BIO06600_BURP15_DCE_2017_0713_08_30,7/13/2017,Glutops,1,0.002
BIO06600_BURP15,BIO06600_BURP15_DCE_2017_0713_08_30,7/13/2017,Heterlimnius corpulentus,65,0.13
BIO06600_BURP15,BIO06600_BURP15_DCE_2017_0713_08_30,7/13/2017,Ironodes,4,0.008
BIO06600_BURP15,BIO06600_BURP15_DCE_2017_0713_08_30,7/13/2017,Leptophlebiidae,1,0.002
BIO06600_BURP15,BIO06600_BURP15_DCE_2017_0713_08_30,7/13/2017,Lumbriculidae,1,0.002
BIO06600_BURP15,BIO06600_BURP15_DCE_2017_0713_08_30,7/13/2017,Megarcys,6,0.012
BIO06600_BURP15,BIO06600_BURP15_DCE_2017_0713_08_30,7/13/2017,Mesenchytraeus,26,0.052
BIO06600_BURP15,BIO06600_BURP15_DCE_2017_0713_08_30,7/13/2017,Micrasema,10,0.02
BIO06600_BURP15,BIO06600_BURP15_DCE_2017_0713_08_30,7/13/2017,Micropsectra,40,0.08
BIO06600_BURP15,BIO06600_BURP15_DCE_2017_0713_08_30,7/13/2017,Narpus concolor,2,0.004
BIO06600_BURP15,BIO06600_BURP15_DCE_2017_0713_08_30,7/13/2017,Neophylax splendens,1,0.002
BIO06600_BURP15,BIO06600_BURP15_DCE_2017_0713_08_30,7/13/2017,Neothremma,9,0.018
BIO06600_BURP15,BIO06600_BURP15_DCE_2017_0713_08_30,7/13/2017,Orthocladius,1,0.002
BIO06600_BURP15,BIO06600_BURP15_DCE_2017_0713_08_30,7/13/2017,Pagastia,6,0.012
BIO06600_BURP15,BIO06600_BURP15_DCE_2017_0713_08_30,7/13/2017,Parametriocnemus,3,0.006
BIO06600_BURP15,BIO06600_BURP15_DCE_2017_0713_08_30,7/13/2017,Parapsyche,13,0.026
BIO06600_BURP15,BIO06600_BURP15_DCE_2017_0713_08_30,7/13/2017,Philopotamidae,2,0.004
BIO06600_BURP15,BIO06600_BURP15_DCE_2017_0713_08_30,7/13/2017,Polycelis,41,0.082
BIO06600_BURP15,BIO06600_BURP15_DCE_2017_0713_08_30,7/13/2017,Rhabdomastix fascigera Group,1,0.002
BIO06600_BURP15,BIO06600_BURP15_DCE_2017_0713_08_30,7/13/2017,Rheotanytarsus,78,0.156
BIO06600_BURP15,BIO06600_BURP15_DCE_2017_0713_08_30,7/13/2017,Rhyacophila alberta Group,1,0.002
BIO06600_BURP15,BIO06600_BURP15_DCE_2017_0713_08_30,7/13/2017,Rhyacophila atrata Group,13,0.026
BIO06600_BURP15,BIO06600_BURP15_DCE_2017_0713_08_30,7/13/2017,Rhyacophila brunnea/vemna Group,1,0.002
BIO06600_BURP15,BIO06600_BURP15_DCE_2017_0713_08_30,7/13/2017,Rhyacophila hyalinata Group,1,0.002
BIO06600_BURP15,BIO06600_BURP15_DCE_2017_0713_08_30,7/13/2017,Roederiodes,1,0.002
BIO06600_BURP15,BIO06600_BURP15_DCE_2017_0713_08_30,7/13/2017,Sweltsa,11,0.022
BIO06600_BURP15,BIO06600_BURP15_DCE_2017_0713_08_30,7/13/2017,Thienemanniella,4,0.008
BIO06600_BURP15,BIO06600_BURP15_DCE_2017_0713_08_30,7/13/2017,Tvetenia bavarica Group,2,0.004
BIO06600_BURP15,BIO06600_BURP15_DCE_2017_0713_08_30,7/13/2017,Visoka cataractae,2,0.004
BIO06600_BURP15,BIO06600_BURP15_DCE_2017_0713_08_30,7/13/2017,Yoraperla,36,0.072
BIO06600_BURP15,BIO06600_BURP15_DCE_2017_0713_08_30,7/13/2017,Zaitzevia,1,0.002
BIO06600_BURP15,BIO06600_BURP15_DCE_2019_0719_08_50,7/19/2019,Ameletus,2,0.004
BIO06600_BURP15,BIO06600_BURP15_DCE_2019_0719_08_50,7/19/2019,Anacaena,2,0.004
BIO06600_BURP15,BIO06600_BURP15_DCE_2019_0719_08_50,7/19/2019,Baetis tricaudatus complex,29,0.058
BIO06600_BURP15,BIO06600_BURP15_DCE_2019_0719_08_50,7/19/2019,Brillia,5,0.01
BIO06600_BURP15,BIO06600_BURP15_DCE_2019_0719_08_50,7/19/2019,Caudatella,14,0.028
BIO06600_BURP15,BIO06600_BURP15_DCE_2019_0719_08_50,7/19/2019,Cleptelmis addenda,3,0.006
BIO06600_BURP15,BIO06600_BURP15_DCE_2019_0719_08_50,7/19/2019,Corynoneura,1,0.002
BIO06600_BURP15,BIO06600_BURP15_DCE_2019_0719_08_50,7/19/2019,Cryptochia,1,0.002
BIO06600_BURP15,BIO06600_BURP15_DCE_2019_0719_08_50,7/19/2019,Dicranota,1,0.002
BIO06600_BURP15,BIO06600_BURP15_DCE_2019_0719_08_50,7/19/2019,Doroneuria,5,0.01
BIO06600_BURP15,BIO06600_BURP15_DCE_2019_0719_08_50,7/19/2019,Drunella,4,0.008
BIO06600_BURP15,BIO06600_BURP15_DCE_2019_0719_08_50,7/19/2019,Drunella coloradensis,1,0.002
BIO06600_BURP15,BIO06600_BURP15_DCE_2019_0719_08_50,7/19/2019,Drunella doddsii,21,0.042
BIO06600_BURP15,BIO06600_BURP15_DCE_2019_0719_08_50,7/19/2019,Epeorus,5,0.01
BIO06600_BURP15,BIO06600_BURP15_DCE_2019_0719_08_50,7/19/2019,Ephemerella,1,0.002
BIO06600_BURP15,BIO06600_BURP15_DCE_2019_0719_08_50,7/19/2019,Ephemerella tibialis,3,0.006
BIO06600_BURP15,BIO06600_BURP15_DCE_2019_0719_08_50,7/19/2019,Estelloxus,1,0.002
BIO06600_BURP15,BIO06600_BURP15_DCE_2019_0719_08_50,7/19/2019,Eukiefferiella,9,0.018
BIO06600_BURP15,BIO06600_BURP15_DCE_2019_0719_08_50,7/19/2019,Glossosoma,17,0.034
BIO06600_BURP15,BIO06600_BURP15_DCE_2019_0719_08_50,7/19/2019,Glutops,1,0.002
BIO06600_BURP15,BIO06600_BURP15_DCE_2019_0719_08_50,7/19/2019,Heterlimnius corpulentus,34,0.068
BIO06600_BURP15,BIO06600_BURP15_DCE_2019_0719_08_50,7/19/2019,Ironodes,1,0.002
BIO06600_BURP15,BIO06600_BURP15_DCE_2019_0719_08_50,7/19/2019,Isoperla,4,0.008
BIO06600_BURP15,BIO06600_BURP15_DCE_2019_0719_08_50,7/19/2019,Krenosmittia,4,0.008
BIO06600_BURP15,BIO06600_BURP15_DCE_2019_0719_08_50,7/19/2019,Lebertia,3,0.006
BIO06600_BURP15,BIO06600_BURP15_DCE_2019_0719_08_50,7/19/2019,Leptophlebiidae,1,0.002
BIO06600_BURP15,BIO06600_BURP15_DCE_2019_0719_08_50,7/19/2019,Leuctridae,1,0.002
BIO06600_BURP15,BIO06600_BURP15_DCE_2019_0719_08_50,7/19/2019,Limnephilidae,3,0.006
BIO06600_BURP15,BIO06600_BURP15_DCE_2019_0719_08_50,7/19/2019,Mesenchytraeus,51,0.102
BIO06600_BURP15,BIO06600_BURP15_DCE_2019_0719_08_50,7/19/2019,Micrasema,9,0.018
BIO06600_BURP15,BIO06600_BURP15_DCE_2019_0719_08_50,7/19/2019,Micropsectra,34,0.068
BIO06600_BURP15,BIO06600_BURP15_DCE_2019_0719_08_50,7/19/2019,Monatractides,4,0.008
BIO06600_BURP15,BIO06600_BURP15_DCE_2019_0719_08_50,7/19/2019,Naididae,3,0.006
BIO06600_BURP15,BIO06600_BURP15_DCE_2019_0719_08_50,7/19/2019,Narpus concolor,2,0.004
BIO06600_BURP15,BIO06600_BURP15_DCE_2019_0719_08_50,7/19/2019,Nematoda,2,0.004
BIO06600_BURP15,BIO06600_BURP15_DCE_2019_0719_08_50,7/19/2019,Neophylax,1,0.002
BIO06600_BURP15,BIO06600_BURP15_DCE_2019_0719_08_50,7/19/2019,Neoplasta,1,0.002
BIO06600_BURP15,BIO06600_BURP15_DCE_2019_0719_08_50,7/19/2019,Neothremma,3,0.006
BIO06600_BURP15,BIO06600_BURP15_DCE_2019_0719_08_50,7/19/2019,Oribatida,1,0.002
BIO06600_BURP15,BIO06600_BURP15_DCE_2019_0719_08_50,7/19/2019,Orthocladiinae,2,0.004
BIO06600_BURP15,BIO06600_BURP15_DCE_2019_0719_08_50,7/19/2019,Ostracoda,70,0.14
BIO06600_BURP15,BIO06600_BURP15_DCE_2019_0719_08_50,7/19/2019,Pagastia,9,0.018
BIO06600_BURP15,BIO06600_BURP15_DCE_2019_0719_08_50,7/19/2019,Parametriocnemus,5,0.01
BIO06600_BURP15,BIO06600_BURP15_DCE_2019_0719_08_50,7/19/2019,Parapsyche,5,0.01
BIO06600_BURP15,BIO06600_BURP15_DCE_2019_0719_08_50,7/19/2019,Philopotamidae,2,0.004
BIO06600_BURP15,BIO06600_BURP15_DCE_2019_0719_08_50,7/19/2019,Pisidium,2,0.004
BIO06600_BURP15,BIO06600_BURP15_DCE_2019_0719_08_50,7/19/2019,Polycelis,12,0.024
BIO06600_BURP15,BIO06600_BURP15_DCE_2019_0719_08_50,7/19/2019,Rheotanytarsus,55,0.11
BIO06600_BURP15,BIO06600_BURP15_DCE_2019_0719_08_50,7/19/2019,Rhithrogena,3,0.006
BIO06600_BURP15,BIO06600_BURP15_DCE_2019_0719_08_50,7/19/2019,Rhyacophila atrata Group,2,0.004
BIO06600_BURP15,BIO06600_BURP15_DCE_2019_0719_08_50,7/19/2019,Rhyacophila betteni Group,3,0.006
BIO06600_BURP15,BIO06600_BURP15_DCE_2019_0719_08_50,7/19/2019,Rhyacophila narvae,4,0.008
BIO06600_BURP15,BIO06600_BURP15_DCE_2019_0719_08_50,7/19/2019,Simulium,1,0.002
BIO06600_BURP15,BIO06600_BURP15_DCE_2019_0719_08_50,7/19/2019,Stempellinella,3,0.006
BIO06600_BURP15,BIO06600_BURP15_DCE_2019_0719_08_50,7/19/2019,Sweltsa,6,0.012
BIO06600_BURP15,BIO06600_BURP15_DCE_2019_0719_08_50,7/19/2019,Testudacarus,2,0.004
BIO06600_BURP15,BIO06600_BURP15_DCE_2019_0719_08_50,7/19/2019,Thaumaleidae,1,0.002
BIO06600_BURP15,BIO06600_BURP15_DCE_2019_0719_08_50,7/19/2019,Thienemanniella,5,0.01
BIO06600_BURP15,BIO06600_BURP15_DCE_2019_0719_08_50,7/19/2019,Torrenticola,1,0.002
BIO06600_BURP15,BIO06600_BURP15_DCE_2019_0719_08_50,7/19/2019,Visoka cataractae,1,0.002
BIO06600_BURP15,BIO06600_BURP15_DCE_2019_0719_08_50,7/19/2019,Wandesia,2,0.004
BIO06600_BURP15,BIO06600_BURP15_DCE_2019_0719_08_50,7/19/2019,Yoraperla,14,0.028
BIO06600_BURP15,BIO06600_BURP15_DCE_2019_0719_08_50,7/19/2019,Zapada columbiana,2,0.004
ERR06600_005995,ERR06600_005995_DCE_2013_0802_11_41,8/2/2013,Acentrella insignificans,5,0.01174
ERR06600_005995,ERR06600_005995_DCE_2013_0802_11_41,8/2/2013,Ameletus,3,0.00704
ERR06600_005995,ERR06600_005995_DCE_2013_0802_11_41,8/2/2013,Antocha monticola,8,0.01878
ERR06600_005995,ERR06600_005995_DCE_2013_0802_11_41,8/2/2013,Arctopsyche,2,0.00469
ERR06600_005995,ERR06600_005995_DCE_2013_0802_11_41,8/2/2013,Atherix,1,0.00235
ERR06600_005995,ERR06600_005995_DCE_2013_0802_11_41,8/2/2013,Atractides,9,0.02113
ERR06600_005995,ERR06600_005995_DCE_2013_0802_11_41,8/2/2013,Attenella delantala,1,0.00235
ERR06600_005995,ERR06600_005995_DCE_2013_0802_11_41,8/2/2013,Attenella margarita,22,0.05164
ERR06600_005995,ERR06600_005995_DCE_2013_0802_11_41,8/2/2013,Baetis tricaudatus,15,0.03521
ERR06600_005995,ERR06600_005995_DCE_2013_0802_11_41,8/2/2013,Brachycentrus occidentalis,38,0.0892
ERR06600_005995,ERR06600_005995_DCE_2013_0802_11_41,8/2/2013,Brundiniella eumorpha,5,0.01174
ERR06600_005995,ERR06600_005995_DCE_2013_0802_11_41,8/2/2013,Centroptilum,4,0.00939
ERR06600_005995,ERR06600_005995_DCE_2013_0802_11_41,8/2/2013,Cinygmula,1,0.00235
ERR06600_005995,ERR06600_005995_DCE_2013_0802_11_41,8/2/2013,Clinocera,3,0.00704
ERR06600_005995,ERR06600_005995_DCE_2013_0802_11_41,8/2/2013,Cricotopus (Cricotopus),5,0.01174
ERR06600_005995,ERR06600_005995_DCE_2013_0802_11_41,8/2/2013,Cryptochironomus,1,0.00235
ERR06600_005995,ERR06600_005995_DCE_2013_0802_11_41,8/2/2013,Dicranota,1,0.00235
ERR06600_005995,ERR06600_005995_DCE_2013_0802_11_41,8/2/2013,Drunella,8,0.01878
ERR06600_005995,ERR06600_005995_DCE_2013_0802_11_41,8/2/2013,Drunella doddsii,8,0.01878
ERR06600_005995,ERR06600_005995_DCE_2013_0802_11_41,8/2/2013,Dytiscidae,19,0.0446
ERR06600_005995,ERR06600_005995_DCE_2013_0802_11_41,8/2/2013,Ecdyonurus criddlei,12,0.02817
ERR06600_005995,ERR06600_005995_DCE_2013_0802_11_41,8/2/2013,Empididae,4,0.00939
ERR06600_005995,ERR06600_005995_DCE_2013_0802_11_41,8/2/2013,Enchytraeus,1,0.00235
ERR06600_005995,ERR06600_005995_DCE_2013_0802_11_41,8/2/2013,Hydraena,1,0.00235
ERR06600_005995,ERR06600_005995_DCE_2013_0802_11_41,8/2/2013,Hydropsyche,13,0.03052
ERR06600_005995,ERR06600_005995_DCE_2013_0802_11_41,8/2/2013,Hydropsychidae,1,0.00235
ERR06600_005995,ERR06600_005995_DCE_2013_0802_11_41,8/2/2013,Hydroptila,2,0.00469
ERR06600_005995,ERR06600_005995_DCE_2013_0802_11_41,8/2/2013,Hygrobates,10,0.02347
ERR06600_005995,ERR06600_005995_DCE_2013_0802_11_41,8/2/2013,Larsia,6,0.01408
ERR06600_005995,ERR06600_005995_DCE_2013_0802_11_41,8/2/2013,Lebertia,17,0.03991
ERR06600_005995,ERR06600_005995_DCE_2013_0802_11_41,8/2/2013,Lumbriculidae,1,0.00235
ERR06600_005995,ERR06600_005995_DCE_2013_0802_11_41,8/2/2013,Micropsectra,2,0.00469
ERR06600_005995,ERR06600_005995_DCE_2013_0802_11_41,8/2/2013,Microtendipes,3,0.00704
ERR06600_005995,ERR06600_005995_DCE_2013_0802_11_41,8/2/2013,Monodiamesa,1,0.00235
ERR06600_005995,ERR06600_005995_DCE_2013_0802_11_41,8/2/2013,Nautarachna,1,0.00235
ERR06600_005995,ERR06600_005995_DCE_2013_0802_11_41,8/2/2013,Neoplasta,4,0.00939
ERR06600_005995,ERR06600_005995_DCE_2013_0802_11_41,8/2/2013,Ochrotrichia,12,0.02817
ERR06600_005995,ERR06600_005995_DCE_2013_0802_11_41,8/2/2013,Odontomesa,1,0.00235
ERR06600_005995,ERR06600_005995_DCE_2013_0802_11_41,8/2/2013,Onocosmoecus unicolor,1,0.00235
ERR06600_005995,ERR06600_005995_DCE_2013_0802_11_41,8/2/2013,Oreodytes,3,0.00704
ERR06600_005995,ERR06600_005995_DCE_2013_0802_11_41,8/2/2013,Orthocladius,1,0.00235
ERR06600_005995,ERR06600_005995_DCE_2013_0802_11_41,8/2/2013,Pagastia,9,0.02113
ERR06600_005995,ERR06600_005995_DCE_2013_0802_11_41,8/2/2013,Parakiefferiella,1,0.00235
ERR06600_005995,ERR06600_005995_DCE_2013_0802_11_41,8/2/2013,Paraleptophlebia,2,0.00469
ERR06600_005995,ERR06600_005995_DCE_2013_0802_11_41,8/2/2013,Phaenopsectra,2,0.00469
ERR06600_005995,ERR06600_005995_DCE_2013_0802_11_41,8/2/2013,Polycelis,1,0.00235
ERR06600_005995,ERR06600_005995_DCE_2013_0802_11_41,8/2/2013,Polypedilum,53,0.12441
ERR06600_005995,ERR06600_005995_DCE_2013_0802_11_41,8/2/2013,Potthastia gaedii Group,11,0.02582
ERR06600_005995,ERR06600_005995_DCE_2013_0802_11_41,8/2/2013,Rhithrogena,3,0.00704
ERR06600_005995,ERR06600_005995_DCE_2013_0802_11_41,8/2/2013,Rhyacophila arnaudi,10,0.02347
ERR06600_005995,ERR06600_005995_DCE_2013_0802_11_41,8/2/2013,Serratella teresa,1,0.00235
ERR06600_005995,ERR06600_005995_DCE_2013_0802_11_41,8/2/2013,Serratella tibialis,13,0.03052
ERR06600_005995,ERR06600_005995_DCE_2013_0802_11_41,8/2/2013,Simulium,1,0.00235
ERR06600_005995,ERR06600_005995_DCE_2013_0802_11_41,8/2/2013,Skwala,10,0.02347
ERR06600_005995,ERR06600_005995_DCE_2013_0802_11_41,8/2/2013,Sperchon,8,0.01878
ERR06600_005995,ERR06600_005995_DCE_2013_0802_11_41,8/2/2013,Stempellinella,2,0.00469
ERR06600_005995,ERR06600_005995_DCE_2013_0802_11_41,8/2/2013,Stictotarsus,1,0.00235
ERR06600_005995,ERR06600_005995_DCE_2013_0802_11_41,8/2/2013,Stylodrilus,1,0.00235
ERR06600_005995,ERR06600_005995_DCE_2013_0802_11_41,8/2/2013,Sublettea coffmani,7,0.01643
ERR06600_005995,ERR06600_005995_DCE_2013_0802_11_41,8/2/2013,Suwallia,7,0.01643
ERR06600_005995,ERR06600_005995_DCE_2013_0802_11_41,8/2/2013,Sweltsa,2,0.00469
ERR06600_005995,ERR06600_005995_DCE_2013_0802_11_41,8/2/2013,Tanytarsus,4,0.00939
ERR06600_005995,ERR06600_005995_DCE_2013_0802_11_41,8/2/2013,Thienemannimyia Group,10,0.02347
ERR06600_005995,ERR06600_005995_DCE_2013_0802_11_41,8/2/2013,Timpanoga hecuba,3,0.00704
ERR06600_005995,ERR06600_005995_DCE_2013_0802_11_41,8/2/2013,Torrenticola,5,0.01174
ERR06600_005995,ERR06600_005995_DCE_2013_0802_11_41,8/2/2013,Zaitzevia,3,0.00704
PSS05515_007726,PSS05515_007726_DCE_2020_0727_12_41,7/27/2020,Aeshnidae,1,0.002
PSS05515_007726,PSS05515_007726_DCE_2020_0727_12_41,7/27/2020,Brillia,1,0.002
PSS05515_007726,PSS05515_007726_DCE_2020_0727_12_41,7/27/2020,Brundiniella,1,0.002
PSS05515_007726,PSS05515_007726_DCE_2020_0727_12_41,7/27/2020,Caecidotea,140,0.28
PSS05515_007726,PSS05515_007726_DCE_2020_0727_12_41,7/27/2020,Crangonyx,113,0.226
PSS05515_007726,PSS05515_007726_DCE_2020_0727_12_41,7/27/2020,Dicranota,2,0.004
PSS05515_007726,PSS05515_007726_DCE_2020_0727_12_41,7/27/2020,Diplocladius cultriger,1,0.002
PSS05515_007726,PSS05515_007726_DCE_2020_0727_12_41,7/27/2020,Dixella,1,0.002
PSS05515_007726,PSS05515_007726_DCE_2020_0727_12_41,7/27/2020,Ferrissia,1,0.002
PSS05515_007726,PSS05515_007726_DCE_2020_0727_12_41,7/27/2020,Heterotrissocladius,1,0.002
PSS05515_007726,PSS05515_007726_DCE_2020_0727_12_41,7/27/2020,Juga,1,0.002
PSS05515_007726,PSS05515_007726_DCE_2020_0727_12_41,7/27/2020,Labiobaetis sonajuventus,6,0.012
PSS05515_007726,PSS05515_007726_DCE_2020_0727_12_41,7/27/2020,Lebertia,3,0.006
PSS05515_007726,PSS05515_007726_DCE_2020_0727_12_41,7/27/2020,Lepidostoma,17,0.034
PSS05515_007726,PSS05515_007726_DCE_2020_0727_12_41,7/27/2020,Lumbriculidae,5,0.01
PSS05515_007726,PSS05515_007726_DCE_2020_0727_12_41,7/27/2020,Macropelopia,1,0.002
PSS05515_007726,PSS05515_007726_DCE_2020_0727_12_41,7/27/2020,Micropsectra,4,0.008
PSS05515_007726,PSS05515_007726_DCE_2020_0727_12_41,7/27/2020,Nematoda,1,0.002
PSS05515_007726,PSS05515_007726_DCE_2020_0727_12_41,7/27/2020,Optioservus,20,0.04
PSS05515_007726,PSS05515_007726_DCE_2020_0727_12_41,7/27/2020,Oribatida,1,0.002
PSS05515_007726,PSS05515_007726_DCE_2020_0727_12_41,7/27/2020,Pacifastacus leniusculus,1,0.002
PSS05515_007726,PSS05515_007726_DCE_2020_0727_12_41,7/27/2020,Parametriocnemus,13,0.026
PSS05515_007726,PSS05515_007726_DCE_2020_0727_12_41,7/27/2020,Paratendipes,3,0.006
PSS05515_007726,PSS05515_007726_DCE_2020_0727_12_41,7/27/2020,Pisidiidae,88,0.176
PSS05515_007726,PSS05515_007726_DCE_2020_0727_12_41,7/27/2020,Polypedilum,18,0.036
PSS05515_007726,PSS05515_007726_DCE_2020_0727_12_41,7/27/2020,Pristina,2,0.004
PSS05515_007726,PSS05515_007726_DCE_2020_0727_12_41,7/27/2020,Procladius,1,0.002
PSS05515_007726,PSS05515_007726_DCE_2020_0727_12_41,7/27/2020,Prodiamesa,7,0.014
PSS05515_007726,PSS05515_007726_DCE_2020_0727_12_41,7/27/2020,Rheotanytarsus,2,0.004
PSS05515_007726,PSS05515_007726_DCE_2020_0727_12_41,7/27/2020,Sialis,1,0.002
PSS05515_007726,PSS05515_007726_DCE_2020_0727_12_41,7/27/2020,Sperchon,3,0.006
PSS05515_007726,PSS05515_007726_DCE_2020_0727_12_41,7/27/2020,Spirosperma,8,0.016
PSS05515_007726,PSS05515_007726_DCE_2020_0727_12_41,7/27/2020,Stempellinella,10,0.02
PSS05515_007726,PSS05515_007726_DCE_2020_0727_12_41,7/27/2020,Tanytarsus,16,0.032
PSS05515_007726,PSS05515_007726_DCE_2020_0727_12_41,7/27/2020,Tribelos,2,0.004
PSS05515_007726,PSS05515_007726_DCE_2020_0727_12_41,7/27/2020,Tubificinae,4,0.008
RSM06600_007971,RSM06600_007971_DCE_2015_0806_11_48,8/6/2015,Ametor,1,0.002
RSM06600_007971,RSM06600_007971_DCE_2015_0806_11_48,8/6/2015,Amphipoda,1,0.002
RSM06600_007971,RSM06600_007971_DCE_2015_0806_11_48,8/6/2015,Aulodrilus,3,0.006
RSM06600_007971,RSM06600_007971_DCE_2015_0806_11_48,8/6/2015,Baetis tricaudatus Group,5,0.01
RSM06600_007971,RSM06600_007971_DCE_2015_0806_11_48,8/6/2015,Bilyjomyia algens,1,0.002
RSM06600_007971,RSM06600_007971_DCE_2015_0806_11_48,8/6/2015,Boreochlus,2,0.004
RSM06600_007971,RSM06600_007971_DCE_2015_0806_11_48,8/6/2015,Brillia,14,0.028
RSM06600_007971,RSM06600_007971_DCE_2015_0806_11_48,8/6/2015,Brundiniella,2,0.004
RSM06600_007971,RSM06600_007971_DCE_2015_0806_11_48,8/6/2015,Brundiniella eumorpha,8,0.016
RSM06600_007971,RSM06600_007971_DCE_2015_0806_11_48,8/6/2015,Bryophaenocladius,1,0.002
RSM06600_007971,RSM06600_007971_DCE_2015_0806_11_48,8/6/2015,Ceratopogoninae,9,0.018
RSM06600_007971,RSM06600_007971_DCE_2015_0806_11_48,8/6/2015,Chaetocladius,2,0.004
RSM06600_007971,RSM06600_007971_DCE_2015_0806_11_48,8/6/2015,Chironomus,1,0.002
RSM06600_007971,RSM06600_007971_DCE_2015_0806_11_48,8/6/2015,Cinygma,1,0.002
RSM06600_007971,RSM06600_007971_DCE_2015_0806_11_48,8/6/2015,Cinygmula,1,0.002
RSM06600_007971,RSM06600_007971_DCE_2015_0806_11_48,8/6/2015,Corynoneura,1,0.002
RSM06600_007971,RSM06600_007971_DCE_2015_0806_11_48,8/6/2015,Dero,1,0.002
RSM06600_007971,RSM06600_007971_DCE_2015_0806_11_48,8/6/2015,Dicranota,6,0.012
RSM06600_007971,RSM06600_007971_DCE_2015_0806_11_48,8/6/2015,Dixa,1,0.002
RSM06600_007971,RSM06600_007971_DCE_2015_0806_11_48,8/6/2015,Enchytraeus,3,0.006
RSM06600_007971,RSM06600_007971_DCE_2015_0806_11_48,8/6/2015,Eukiefferiella,2,0.004
RSM06600_007971,RSM06600_007971_DCE_2015_0806_11_48,8/6/2015,Fridericia,26,0.052
RSM06600_007971,RSM06600_007971_DCE_2015_0806_11_48,8/6/2015,Glossosoma,1,0.002
RSM06600_007971,RSM06600_007971_DCE_2015_0806_11_48,8/6/2015,Heleniella,7,0.014
RSM06600_007971,RSM06600_007971_DCE_2015_0806_11_48,8/6/2015,Heterotrissocladius,3,0.006
RSM06600_007971,RSM06600_007971_DCE_2015_0806_11_48,8/6/2015,Ironodes,5,0.01
RSM06600_007971,RSM06600_007971_DCE_2015_0806_11_48,8/6/2015,Isoperla,4,0.008
RSM06600_007971,RSM06600_007971_DCE_2015_0806_11_48,8/6/2015,Krenosmittia,1,0.002
RSM06600_007971,RSM06600_007971_DCE_2015_0806_11_48,8/6/2015,Lara,9,0.018
RSM06600_007971,RSM06600_007971_DCE_2015_0806_11_48,8/6/2015,Limnophila,2,0.004
RSM06600_007971,RSM06600_007971_DCE_2015_0806_11_48,8/6/2015,Macropelopia decedens,4,0.008
RSM06600_007971,RSM06600_007971_DCE_2015_0806_11_48,8/6/2015,Malenka,4,0.008
RSM06600_007971,RSM06600_007971_DCE_2015_0806_11_48,8/6/2015,Mesenchytraeus,1,0.002
RSM06600_007971,RSM06600_007971_DCE_2015_0806_11_48,8/6/2015,Micrasema,1,0.002
RSM06600_007971,RSM06600_007971_DCE_2015_0806_11_48,8/6/2015,Micropsectra,83,0.166
RSM06600_007971,RSM06600_007971_DCE_2015_0806_11_48,8/6/2015,Mideopsis,2,0.004
RSM06600_007971,RSM06600_007971_DCE_2015_0806_11_48,8/6/2015,Monodiamesa,10,0.02
RSM06600_007971,RSM06600_007971_DCE_2015_0806_11_48,8/6/2015,Narpus concolor,3,0.006
RSM06600_007971,RSM06600_007971_DCE_2015_0806_11_48,8/6/2015,Nematoda,3,0.006
RSM06600_007971,RSM06600_007971_DCE_2015_0806_11_48,8/6/2015,Neophylax splendens,1,0.002
RSM06600_007971,RSM06600_007971_DCE_2015_0806_11_48,8/6/2015,Odontomesa,2,0.004
RSM06600_007971,RSM06600_007971_DCE_2015_0806_11_48,8/6/2015,Optioservus,1,0.002
RSM06600_007971,RSM06600_007971_DCE_2015_0806_11_48,8/6/2015,Oribatida,2,0.004
RSM06600_007971,RSM06600_007971_DCE_2015_0806_11_48,8/6/2015,Ormosia,1,0.002
RSM06600_007971,RSM06600_007971_DCE_2015_0806_11_48,8/6/2015,Orthocladiinae sp. RAI # 0001,4,0.008
RSM06600_007971,RSM06600_007971_DCE_2015_0806_11_48,8/6/2015,Paraleptophlebia,1,0.002
RSM06600_007971,RSM06600_007971_DCE_2015_0806_11_48,8/6/2015,Parametriocnemus,4,0.008
RSM06600_007971,RSM06600_007971_DCE_2015_0806_11_48,8/6/2015,Paraphaenocladius,1,0.002
RSM06600_007971,RSM06600_007971_DCE_2015_0806_11_48,8/6/2015,Parapsyche,31,0.062
RSM06600_007971,RSM06600_007971_DCE_2015_0806_11_48,8/6/2015,Paratendipes,6,0.012
RSM06600_007971,RSM06600_007971_DCE_2015_0806_11_48,8/6/2015,Phaenopsectra,4,0.008
RSM06600_007971,RSM06600_007971_DCE_2015_0806_11_48,8/6/2015,Pisidium,52,0.104
RSM06600_007971,RSM06600_007971_DCE_2015_0806_11_48,8/6/2015,Planorbidae,2,0.004
RSM06600_007971,RSM06600_007971_DCE_2015_0806_11_48,8/6/2015,Polypedilum,4,0.008
RSM06600_007971,RSM06600_007971_DCE_2015_0806_11_48,8/6/2015,Prodiamesa,6,0.012
RSM06600_007971,RSM06600_007971_DCE_2015_0806_11_48,8/6/2015,Protzia,2,0.004
RSM06600_007971,RSM06600_007971_DCE_2015_0806_11_48,8/6/2015,Psychoglypha,7,0.014
RSM06600_007971,RSM06600_007971_DCE_2015_0806_11_48,8/6/2015,Pteronarcella,2,0.004
RSM06600_007971,RSM06600_007971_DCE_2015_0806_11_48,8/6/2015,Pteronarcys princeps,1,0.002
RSM06600_007971,RSM06600_007971_DCE_2015_0806_11_48,8/6/2015,Ptychoptera,37,0.074
RSM06600_007971,RSM06600_007971_DCE_2015_0806_11_48,8/6/2015,Rhabdomastix setigera Group,1,0.002
RSM06600_007971,RSM06600_007971_DCE_2015_0806_11_48,8/6/2015,Rhyacophila atrata Group,6,0.012
RSM06600_007971,RSM06600_007971_DCE_2015_0806_11_48,8/6/2015,Rhyacophila betteni Group,5,0.01
RSM06600_007971,RSM06600_007971_DCE_2015_0806_11_48,8/6/2015,Simulium,11,0.022
RSM06600_007971,RSM06600_007971_DCE_2015_0806_11_48,8/6/2015,Sperchonopsis,5,0.01
RSM06600_007971,RSM06600_007971_DCE_2015_0806_11_48,8/6/2015,Stempellina,1,0.002
RSM06600_007971,RSM06600_007971_DCE_2015_0806_11_48,8/6/2015,Stempellinella,2,0.004
RSM06600_007971,RSM06600_007971_DCE_2015_0806_11_48,8/6/2015,Stictochironomus,1,0.002
RSM06600_007971,RSM06600_007971_DCE_2015_0806_11_48,8/6/2015,Sweltsa,38,0.076
RSM06600_007971,RSM06600_007971_DCE_2015_0806_11_48,8/6/2015,Telmatodrilus vejdovskyi,1,0.002
RSM06600_007971,RSM06600_007971_DCE_2015_0806_11_48,8/6/2015,Thienemanniella,1,0.002
RSM06600_007971,RSM06600_007971_DCE_2015_0806_11_48,8/6/2015,Tipula,2,0.004
RSM06600_007971,RSM06600_007971_DCE_2015_0806_11_48,8/6/2015,Tubificinae,2,0.004
RSM06600_007971,RSM06600_007971_DCE_2015_0806_11_48,8/6/2015,Tvetenia bavarica Group,3,0.006
RSM06600_007971,RSM06600_007971_DCE_2015_0806_11_48,8/6/2015,Yoraperla,3,0.006
RSM06600_007971,RSM06600_007971_DCE_2015_0806_11_48,8/6/2015,Zapada cinctipes,2,0.004
RSM06600_007971,RSM06600_007971_DCE_2015_0806_11_48,8/6/2015,Zapada oregonensis Group,6,0.012
RSM06600_007971,RSM06600_007971_DCE_2015_0806_11_48,8/6/2015,Zavrelimyia,4,0.008
WAM06600_000586,WAM06600_000586_DCE_2010_0802_13_30,8/2/2010,Aulodrilus,6,0.012
WAM06600_000586,WAM06600_000586_DCE_2010_0802_13_30,8/2/2010,Catenulida,2,0.004
WAM06600_000586,WAM06600_000586_DCE_2010_0802_13_30,8/2/2010,Ceratopogonidae,1,0.002
WAM06600_000586,WAM06600_000586_DCE_2010_0802_13_30,8/2/2010,Cladocera,6,0.012
WAM06600_000586,WAM06600_000586_DCE_2010_0802_13_30,8/2/2010,Cladotanytarsus,8,0.016
WAM06600_000586,WAM06600_000586_DCE_2010_0802_13_30,8/2/2010,Coenagrionidae,37,0.074
WAM06600_000586,WAM06600_000586_DCE_2010_0802_13_30,8/2/2010,Copepoda,4,0.008
WAM06600_000586,WAM06600_000586_DCE_2010_0802_13_30,8/2/2010,Cricotopus (Cricotopus),4,0.008
WAM06600_000586,WAM06600_000586_DCE_2010_0802_13_30,8/2/2010,Cryptotendipes,1,0.002
WAM06600_000586,WAM06600_000586_DCE_2010_0802_13_30,8/2/2010,Dero,2,0.004
WAM06600_000586,WAM06600_000586_DCE_2010_0802_13_30,8/2/2010,Dicrotendipes,3,0.006
WAM06600_000586,WAM06600_000586_DCE_2010_0802_13_30,8/2/2010,Dubiraphia,24,0.048
WAM06600_000586,WAM06600_000586_DCE_2010_0802_13_30,8/2/2010,Hygrobates,15,0.03
WAM06600_000586,WAM06600_000586_DCE_2010_0802_13_30,8/2/2010,Lebertia,9,0.018
WAM06600_000586,WAM06600_000586_DCE_2010_0802_13_30,8/2/2010,Micropsectra,99,0.198
WAM06600_000586,WAM06600_000586_DCE_2010_0802_13_30,8/2/2010,Microtendipes,3,0.006
WAM06600_000586,WAM06600_000586_DCE_2010_0802_13_30,8/2/2010,Naidinae,3,0.006
WAM06600_000586,WAM06600_000586_DCE_2010_0802_13_30,8/2/2010,Nais,9,0.018
WAM06600_000586,WAM06600_000586_DCE_2010_0802_13_30,8/2/2010,Nanocladius,2,0.004
WAM06600_000586,WAM06600_000586_DCE_2010_0802_13_30,8/2/2010,Nectopsyche,4,0.008
WAM06600_000586,WAM06600_000586_DCE_2010_0802_13_30,8/2/2010,Optioservus,4,0.008
WAM06600_000586,WAM06600_000586_DCE_2010_0802_13_30,8/2/2010,Parakiefferiella,5,0.01
WAM06600_000586,WAM06600_000586_DCE_2010_0802_13_30,8/2/2010,Paratanytarsus,11,0.022
WAM06600_000586,WAM06600_000586_DCE_2010_0802_13_30,8/2/2010,Paratendipes,45,0.09
WAM06600_000586,WAM06600_000586_DCE_2010_0802_13_30,8/2/2010,Physa,1,0.002
WAM06600_000586,WAM06600_000586_DCE_2010_0802_13_30,8/2/2010,Polypedilum,17,0.034
WAM06600_000586,WAM06600_000586_DCE_2010_0802_13_30,8/2/2010,Potthastia longimana Group,2,0.004
WAM06600_000586,WAM06600_000586_DCE_2010_0802_13_30,8/2/2010,Pseudochironomus,1,0.002
WAM06600_000586,WAM06600_000586_DCE_2010_0802_13_30,8/2/2010,Slavina appendiculata,1,0.002
WAM06600_000586,WAM06600_000586_DCE_2010_0802_13_30,8/2/2010,Sphaeriidae,2,0.004
WAM06600_000586,WAM06600_000586_DCE_2010_0802_13_30,8/2/2010,Stempellinella,3,0.006
WAM06600_000586,WAM06600_000586_DCE_2010_0802_13_30,8/2/2010,Stenelmis,1,0.002
WAM06600_000586,WAM06600_000586_DCE_2010_0802_13_30,8/2/2010,Tanytarsus,86,0.172
WAM06600_000586,WAM06600_000586_DCE_2010_0802_13_30,8/2/2010,Thienemanniella,2,0.004
WAM06600_000586,WAM06600_000586_DCE_2010_0802_13_30,8/2/2010,Tricorythodes,71,0.142
WAM06600_000586,WAM06600_000586_DCE_2010_0802_13_30,8/2/2010,Tubificinae,6,0.012
WAM06600_000586,WAM06600_000586_DCE_2010_0922_10_45,9/22/2010,Argia,11,0.022
WAM06600_000586,WAM06600_000586_DCE_2010_0922_10_45,9/22/2010,Catenulida,87,0.174
WAM06600_000586,WAM06600_000586_DCE_2010_0922_10_45,9/22/2010,Crangonyx,2,0.004
WAM06600_000586,WAM06600_000586_DCE_2010_0922_10_45,9/22/2010,Cricotopus,2,0.004
WAM06600_000586,WAM06600_000586_DCE_2010_0922_10_45,9/22/2010,Dicrotendipes,2,0.004
WAM06600_000586,WAM06600_000586_DCE_2010_0922_10_45,9/22/2010,Dubiraphia,41,0.082
WAM06600_000586,WAM06600_000586_DCE_2010_0922_10_45,9/22/2010,Enallagma,25,0.05
WAM06600_000586,WAM06600_000586_DCE_2010_0922_10_45,9/22/2010,Fallceon quilleri,6,0.012
WAM06600_000586,WAM06600_000586_DCE_2010_0922_10_45,9/22/2010,Helicopsyche,2,0.004
WAM06600_000586,WAM06600_000586_DCE_2010_0922_10_45,9/22/2010,Hygrobates,18,0.036
WAM06600_000586,WAM06600_000586_DCE_2010_0922_10_45,9/22/2010,Lebertia,16,0.032
WAM06600_000586,WAM06600_000586_DCE_2010_0922_10_45,9/22/2010,Limnesia,1,0.002
WAM06600_000586,WAM06600_000586_DCE_2010_0922_10_45,9/22/2010,Microcylloepus,11,0.022
WAM06600_000586,WAM06600_000586_DCE_2010_0922_10_45,9/22/2010,Mideopsidae,1,0.002
WAM06600_000586,WAM06600_000586_DCE_2010_0922_10_45,9/22/2010,Mystacides,2,0.004
WAM06600_000586,WAM06600_000586_DCE_2010_0922_10_45,9/22/2010,Nectopsyche,48,0.096
WAM06600_000586,WAM06600_000586_DCE_2010_0922_10_45,9/22/2010,Oecetis avara,3,0.006
WAM06600_000586,WAM06600_000586_DCE_2010_0922_10_45,9/22/2010,Optioservus,10,0.02
WAM06600_000586,WAM06600_000586_DCE_2010_0922_10_45,9/22/2010,Orthocladius,1,0.002
WAM06600_000586,WAM06600_000586_DCE_2010_0922_10_45,9/22/2010,Parakiefferiella,1,0.002
WAM06600_000586,WAM06600_000586_DCE_2010_0922_10_45,9/22/2010,Paratanytarsus,1,0.002
WAM06600_000586,WAM06600_000586_DCE_2010_0922_10_45,9/22/2010,Polypedilum,1,0.002
WAM06600_000586,WAM06600_000586_DCE_2010_0922_10_45,9/22/2010,Pseudochironomus,1,0.002
WAM06600_000586,WAM06600_000586_DCE_2010_0922_10_45,9/22/2010,Rheotanytarsus,1,0.002
WAM06600_000586,WAM06600_000586_DCE_2010_0922_10_45,9/22/2010,Sphaeriidae,6,0.012
WAM06600_000586,WAM06600_000586_DCE_2010_0922_10_45,9/22/2010,Tanytarsus,2,0.004
WAM06600_000586,WAM06600_000586_DCE_2010_0922_10_45,9/22/2010,Tricorythodes,112,0.224
WAM06600_000586,WAM06600_000586_DCE_2010_0922_10_45,9/22/2010,Tubificinae,86,0.172
WAM06600_003688,WAM06600_003688_DCE_2010_0915_10_20,9/15/2010,Ameletus,1,0.002
WAM06600_003688,WAM06600_003688_DCE_2010_0915_10_20,9/15/2010,Anagapetus,11,0.022
WAM06600_003688,WAM06600_003688_DCE_2010_0915_10_20,9/15/2010,Antocha,1,0.002
WAM06600_003688,WAM06600_003688_DCE_2010_0915_10_20,9/15/2010,Apatania,1,0.002
WAM06600_003688,WAM06600_003688_DCE_2010_0915_10_20,9/15/2010,Baetis tricaudatus,5,0.01
WAM06600_003688,WAM06600_003688_DCE_2010_0915_10_20,9/15/2010,Brillia,5,0.01
WAM06600_003688,WAM06600_003688_DCE_2010_0915_10_20,9/15/2010,Ceratopogoninae,1,0.002
WAM06600_003688,WAM06600_003688_DCE_2010_0915_10_20,9/15/2010,Cinygma,4,0.008
WAM06600_003688,WAM06600_003688_DCE_2010_0915_10_20,9/15/2010,Cleptelmis addenda,1,0.002
WAM06600_003688,WAM06600_003688_DCE_2010_0915_10_20,9/15/2010,Cricotopus nostocicola,54,0.108
WAM06600_003688,WAM06600_003688_DCE_2010_0915_10_20,9/15/2010,Diphetor hageni,2,0.004
WAM06600_003688,WAM06600_003688_DCE_2010_0915_10_20,9/15/2010,Dixa,4,0.008
WAM06600_003688,WAM06600_003688_DCE_2010_0915_10_20,9/15/2010,Eclipidrilus,15,0.03
WAM06600_003688,WAM06600_003688_DCE_2010_0915_10_20,9/15/2010,Eukiefferiella,1,0.002
WAM06600_003688,WAM06600_003688_DCE_2010_0915_10_20,9/15/2010,Heleniella,3,0.006
WAM06600_003688,WAM06600_003688_DCE_2010_0915_10_20,9/15/2010,Heterlimnius,75,0.15
WAM06600_003688,WAM06600_003688_DCE_2010_0915_10_20,9/15/2010,Hydropsyche,1,0.002
WAM06600_003688,WAM06600_003688_DCE_2010_0915_10_20,9/15/2010,Ironodes,1,0.002
WAM06600_003688,WAM06600_003688_DCE_2010_0915_10_20,9/15/2010,Lara,1,0.002
WAM06600_003688,WAM06600_003688_DCE_2010_0915_10_20,9/15/2010,Lepidostoma,1,0.002
WAM06600_003688,WAM06600_003688_DCE_2010_0915_10_20,9/15/2010,Limnephilidae,5,0.01
WAM06600_003688,WAM06600_003688_DCE_2010_0915_10_20,9/15/2010,Malenka,3,0.006
WAM06600_003688,WAM06600_003688_DCE_2010_0915_10_20,9/15/2010,Micropsectra,11,0.022
WAM06600_003688,WAM06600_003688_DCE_2010_0915_10_20,9/15/2010,Mideopsis,1,0.002
WAM06600_003688,WAM06600_003688_DCE_2010_0915_10_20,9/15/2010,Narpus concolor,4,0.008
WAM06600_003688,WAM06600_003688_DCE_2010_0915_10_20,9/15/2010,Nematoda,1,0.002
WAM06600_003688,WAM06600_003688_DCE_2010_0915_10_20,9/15/2010,Orthocladius,1,0.002
WAM06600_003688,WAM06600_003688_DCE_2010_0915_10_20,9/15/2010,Ostracoda,1,0.002
WAM06600_003688,WAM06600_003688_DCE_2010_0915_10_20,9/15/2010,Pagastia,2,0.004
WAM06600_003688,WAM06600_003688_DCE_2010_0915_10_20,9/15/2010,Parapsyche almota,7,0.014
WAM06600_003688,WAM06600_003688_DCE_2010_0915_10_20,9/15/2010,Perlidae,10,0.02
WAM06600_003688,WAM06600_003688_DCE_2010_0915_10_20,9/15/2010,Perlodidae,1,0.002
WAM06600_003688,WAM06600_003688_DCE_2010_0915_10_20,9/15/2010,Physa,19,0.038
WAM06600_003688,WAM06600_003688_DCE_2010_0915_10_20,9/15/2010,Polycelis,7,0.014
WAM06600_003688,WAM06600_003688_DCE_2010_0915_10_20,9/15/2010,Radotanypus,1,0.002
WAM06600_003688,WAM06600_003688_DCE_2010_0915_10_20,9/15/2010,Rheocricotopus,7,0.014
WAM06600_003688,WAM06600_003688_DCE_2010_0915_10_20,9/15/2010,Rhyacophila betteni Group,1,0.002
WAM06600_003688,WAM06600_003688_DCE_2010_0915_10_20,9/15/2010,Rhyacophila brunnea Group,1,0.002
WAM06600_003688,WAM06600_003688_DCE_2010_0915_10_20,9/15/2010,Simulium,3,0.006
WAM06600_003688,WAM06600_003688_DCE_2010_0915_10_20,9/15/2010,Sphaerium,27,0.054
WAM06600_003688,WAM06600_003688_DCE_2010_0915_10_20,9/15/2010,Stilocladius,1,0.002
WAM06600_003688,WAM06600_003688_DCE_2010_0915_10_20,9/15/2010,Sweltsa,11,0.022
WAM06600_003688,WAM06600_003688_DCE_2010_0915_10_20,9/15/2010,Thienemanniella,2,0.004
WAM06600_003688,WAM06600_003688_DCE_2010_0915_10_20,9/15/2010,Torrenticola,1,0.002
WAM06600_003688,WAM06600_003688_DCE_2010_0915_10_20,9/15/2010,Tribelos jucundus,1,0.002
WAM06600_003688,WAM06600_003688_DCE_2010_0915_10_20,9/15/2010,Tubificinae,117,0.234
WAM06600_003688,WAM06600_003688_DCE_2010_0915_10_20,9/15/2010,Tvetenia bavarica Group,18,0.036
WAM06600_003688,WAM06600_003688_DCE_2010_0915_10_20,9/15/2010,Zapada cinctipes,48,0.096
WAM06600_003688,WAM06600_003688_DCE_2019_0804_08_53,8/4/2019,Anagapetus,1,0.002
WAM06600_003688,WAM06600_003688_DCE_2019_0804_08_53,8/4/2019,Baetis tricaudatus complex,9,0.018
WAM06600_003688,WAM06600_003688_DCE_2019_0804_08_53,8/4/2019,Brillia,4,0.008
WAM06600_003688,WAM06600_003688_DCE_2019_0804_08_53,8/4/2019,Brundiniella eumorpha,1,0.002
WAM06600_003688,WAM06600_003688_DCE_2019_0804_08_53,8/4/2019,Ceratopogoninae,2,0.004
WAM06600_003688,WAM06600_003688_DCE_2019_0804_08_53,8/4/2019,Cinygmula,1,0.002
WAM06600_003688,WAM06600_003688_DCE_2019_0804_08_53,8/4/2019,Cleptelmis addenda,2,0.004
WAM06600_003688,WAM06600_003688_DCE_2019_0804_08_53,8/4/2019,Cricotopus (Cricotopus),9,0.018
WAM06600_003688,WAM06600_003688_DCE_2019_0804_08_53,8/4/2019,Cricotopus (Nostococladius),11,0.022
WAM06600_003688,WAM06600_003688_DCE_2019_0804_08_53,8/4/2019,Diphetor hageni,2,0.004
WAM06600_003688,WAM06600_003688_DCE_2019_0804_08_53,8/4/2019,Dixa,2,0.004
WAM06600_003688,WAM06600_003688_DCE_2019_0804_08_53,8/4/2019,Doroneuria,30,0.06
WAM06600_003688,WAM06600_003688_DCE_2019_0804_08_53,8/4/2019,Ecclisomyia,3,0.006
WAM06600_003688,WAM06600_003688_DCE_2019_0804_08_53,8/4/2019,Eukiefferiella,5,0.01
WAM06600_003688,WAM06600_003688_DCE_2019_0804_08_53,8/4/2019,Heterlimnius corpulentus,87,0.174
WAM06600_003688,WAM06600_003688_DCE_2019_0804_08_53,8/4/2019,Ironodes,4,0.008
WAM06600_003688,WAM06600_003688_DCE_2019_0804_08_53,8/4/2019,Lepidostoma,2,0.004
WAM06600_003688,WAM06600_003688_DCE_2019_0804_08_53,8/4/2019,Malenka,18,0.036
WAM06600_003688,WAM06600_003688_DCE_2019_0804_08_53,8/4/2019,Micrasema,2,0.004
WAM06600_003688,WAM06600_003688_DCE_2019_0804_08_53,8/4/2019,Micropsectra,10,0.02
WAM06600_003688,WAM06600_003688_DCE_2019_0804_08_53,8/4/2019,Monatractides,1,0.002
WAM06600_003688,WAM06600_003688_DCE_2019_0804_08_53,8/4/2019,Narpus concolor,1,0.002
WAM06600_003688,WAM06600_003688_DCE_2019_0804_08_53,8/4/2019,Nematoda,2,0.004
WAM06600_003688,WAM06600_003688_DCE_2019_0804_08_53,8/4/2019,Orthocladius,37,0.074
WAM06600_003688,WAM06600_003688_DCE_2019_0804_08_53,8/4/2019,Ostracoda,17,0.034
WAM06600_003688,WAM06600_003688_DCE_2019_0804_08_53,8/4/2019,Pagastia,25,0.05
WAM06600_003688,WAM06600_003688_DCE_2019_0804_08_53,8/4/2019,Parametriocnemus,10,0.02
WAM06600_003688,WAM06600_003688_DCE_2019_0804_08_53,8/4/2019,Parapsyche,14,0.028
WAM06600_003688,WAM06600_003688_DCE_2019_0804_08_53,8/4/2019,Physella,12,0.024
WAM06600_003688,WAM06600_003688_DCE_2019_0804_08_53,8/4/2019,Pisidium,5,0.01
WAM06600_003688,WAM06600_003688_DCE_2019_0804_08_53,8/4/2019,Polycelis,86,0.172
WAM06600_003688,WAM06600_003688_DCE_2019_0804_08_53,8/4/2019,Psilometriocnemus,1,0.002
WAM06600_003688,WAM06600_003688_DCE_2019_0804_08_53,8/4/2019,Rheocricotopus,3,0.006
WAM06600_003688,WAM06600_003688_DCE_2019_0804_08_53,8/4/2019,Rhyacophila betteni Group,7,0.014
WAM06600_003688,WAM06600_003688_DCE_2019_0804_08_53,8/4/2019,Rhyacophila brunnea/vemna Group,1,0.002
WAM06600_003688,WAM06600_003688_DCE_2019_0804_08_53,8/4/2019,Simulium,3,0.006
WAM06600_003688,WAM06600_003688_DCE_2019_0804_08_53,8/4/2019,Sweltsa,35,0.07
WAM06600_003688,WAM06600_003688_DCE_2019_0804_08_53,8/4/2019,Tvetenia bavarica Group,4,0.008
WAM06600_003688,WAM06600_003688_DCE_2019_0804_08_53,8/4/2019,Visoka cataractae,1,0.002
WAM06600_003688,WAM06600_003688_DCE_2019_0804_08_53,8/4/2019,Zaitzevia,14,0.028
WAM06600_003688,WAM06600_003688_DCE_2019_0804_08_53,8/4/2019,Zapada cinctipes,12,0.024
WAM06600_003688,WAM06600_003688_DCE_2019_0804_08_53,8/4/2019,Zapada columbiana,1,0.002
WAM06600_003688,WAM06600_003688_DCE_2019_0804_08_53,8/4/2019,Zapada oregonensis Group,3,0.006
